time_s,reference,speed,measurement,command
0.0,0.0,0.0,0.0816367648554073,0.0
0.01,0.0,0.009021804626578514,-0.10222660125256727,0.4961992544618183
0.02,0.0,0.008857771815186178,0.025745758495609672,0.0
0.03,0.0,0.01039523953307293,-0.013853012429931014,0.09341849629895756
0.04,0.0,0.011157668361062415,-0.007710732151344903,0.05232882507249462
0.05,0.0,0.011082207105147351,0.0025337818374717783,0.00700729928573389
0.06,0.0,0.015553069107820984,-0.06971723806074269,0.2569796172521972
0.07,0.0,0.01527028603313333,0.006275774002053406,0.0
0.08,0.0,0.016078144825019285,-0.019338237017864336,0.05970251958686072
0.09,0.0,0.015785814919109842,0.1489981254908146,0.0
0.1,0.0,0.015752865182372282,0.024817279448226714,0.013973579398544083
0.11,0.0,0.017016038489283854,0.0016476334087084654,0.08522739706250872
0.12,0.0,0.01765520030016214,0.0057645417632298385,0.05216993808758959
0.13,0.0,0.019032148405243334,-0.009066653544195863,0.09338734607962784
0.14,0.0,0.021004601176936852,-0.02317387364296152,0.12751705084838671
0.15,0.0,0.020822410416299425,0.005372562087550662,0.01098410934187831
0.16,0.0,0.02044382113600307,0.04010022595657086,0.0
0.17,0.0,0.02046499576628896,0.010901676873068403,0.02160842580172693
0.18,0.0,0.020092904934174614,0.05877534388467952,0.0
0.19,0.0,0.020572240800686935,0.012100819771511414,0.04645637759235227
0.2,0.0,0.020278200341481232,0.02154262340375352,0.00440001554437325
0.21,0.0,0.019909505789817938,0.08211103438999372,0.0
0.22,0.0,0.019547514775457613,0.04171372669732372,0.0
0.23,0.0,0.02139050049803847,-0.0006616346491031093,0.12091172951740482
0.24,0.0,0.021834217301262015,0.014076941514129075,0.04579492467533332
0.25,0.0,0.02143723153214816,0.0434552225714541,0.0
0.26,0.0,0.021047463686109102,0.09884075289610227,0.0
0.27,0.0,0.022688010282386196,0.010262650592432563,0.11127752648134916
0.28,0.0,0.023690235742013586,0.012945663119222014,0.07781041056189274
0.29,0.0,0.023259504183067884,0.06378277979304123,0.0
0.3,0.0,0.025979423338501218,-0.012198893543355602,0.1728550577319013
0.31,0.0,0.026436138508379982,0.014310614040906658,0.051098757681833196
0.32,0.0,0.025955481444591255,0.06173769720663934,0.0
0.33,0.0,0.02548356360014414,0.04916948209222722,0.0
0.34,0.0,0.02557625994445463,0.02914423173143823,0.03058186253722109
0.35000000000000003,0.0,0.025111237036373635,0.05238043413759381,0.0
0.36,0.0,0.03268597264072347,-0.08801525523737687,0.4417216952756146
0.37,0.0,0.03209168222907395,0.07353824534072667,0.0
0.38,0.0,0.03398858357781556,-0.006294108163251717,0.13642125640986258
0.39,0.0,0.03722288597947563,-0.032756210128423224,0.21187521566911932
0.4,0.0,0.036546106234394256,0.04828071636031561,0.0
0.41000000000000003,0.0,0.03588163157558709,0.06456790164836985,0.0
0.42,0.0,0.036559030686710445,0.018090933348275724,0.07313858268737158
0.43,0.0,0.03863341499865194,-0.006497202917321865,0.15065016784349242
0.44,0.0,0.03793098927140372,0.03967840834001328,0.0
0.45,0.0,0.03724133492101456,0.03582109694168854,0.0
0.46,0.0,0.036564219740632474,0.09346526156173826,0.0
0.47000000000000003,0.0,0.035899415745348245,0.0664605392398065,0.0
0.48,0.0,0.03581713070952796,0.04365204159593305,0.031373738775232723
0.49,0.0,0.03516591015117291,0.08028245891848765,0.0
0.5,0.8,0.05270834814842431,0.02694498815494121,1.0
0.51,0.8,0.06993183272754387,0.015672365202489588,1.0
0.52,0.8,0.08684216304158852,0.0932941651685538,1.0
0.53,0.8,0.10344503280446873,0.11014369978781613,1.0
0.54,0.8,0.11974603220802385,0.0948518763593945,1.0
0.55,0.8,0.1357506498042416,0.0884336890894652,1.0
0.56,0.8,0.15146427435325538,0.1449168060127721,1.0
0.5700000000000001,0.8,0.16689219663774166,0.05170850321493575,1.0
0.58,0.8,0.18200890226912805,0.19449718744425415,0.9983110063639933
0.59,0.8,0.19688146768241663,0.2016636326989277,1.0
0.6,0.8,0.2114836228154636,0.1313271819267971,1.0
0.61,0.8,0.2258202842188188,0.21393776320899047,1.0
0.62,0.8,0.23989627905120392,0.1872562976771692,1.0
0.63,0.8,0.2522740744757918,0.27018512084152996,0.9206750274035385
0.64,0.8,0.26586909130350467,0.17090738353805468,1.0
0.65,0.8,0.2792169260070773,0.2292893097837211,1.0
0.66,0.8,0.2898399559218156,0.30760012551676,0.863483571317682
0.67,0.8,0.2997015885313203,0.3360959978591019,0.8322297494445725
0.68,0.8,0.3124342869216599,0.21338137332627197,1.0
0.6900000000000001,0.8,0.3249354817049025,0.29251269313160777,1.0
0.7000000000000001,0.8,0.3351776102367802,0.3380562854066056,0.888252550958178
0.71,0.8,0.3472652900506569,0.3108089647187854,1.0
0.72,0.8,0.35380246174494007,0.4108908993035827,0.7068097332362302
0.73,0.8,0.36555150789503205,0.3061533944802288,1.0
0.74,0.8,0.3748270055266614,0.3797327857465091,0.8757038776346474
0.75,0.8,0.3861937872443585,0.332890784784881,1.0
0.76,0.8,0.3918718101971015,0.4424323049697539,0.698485049645225
0.77,0.8,0.40187853557134884,0.39100576103487916,0.9422417057807068
0.78,0.8,0.4122908417996087,0.3869885130113242,0.9745553781256404
0.79,0.8,0.4229764628577976,0.343563443810304,1.0
0.8,0.8,0.4264015187236237,0.4902494846604648,0.6113545354782309
0.81,0.8,0.43324853724117524,0.4565126624315192,0.8029875371889599
0.8200000000000001,0.8,0.4401497236988834,0.4633910907415497,0.8128137924151246
0.8300000000000001,0.8,0.4460402072757032,0.48566497405559467,0.7641263204239733
0.84,0.8,0.45405291493839756,0.4600092704006244,0.8867391287238934
0.85,0.8,0.4639792255758812,0.4284830505153407,1.0
0.86,0.8,0.47349589894932514,0.43196957649467715,0.9873962611152955
0.87,0.8,0.4822348295155732,0.44148789977488495,0.95413708009297
0.88,0.8,0.48492187128288605,0.5370377231689217,0.6300221267177792
0.89,0.8,0.4942869281686518,0.42650662323506955,1.0
0.9,0.8,0.5016467710575019,0.4704321476978202,0.8990782870554086
0.91,0.8,0.5079730820110074,0.48879701428605404,0.8495938735003058
0.92,0.8,0.512802826186451,0.5169578430249712,0.7736090116604025
0.93,0.8,0.5169347325822808,0.5358168017267634,0.7400576779570891
0.9400000000000001,0.8,0.5257177374444212,0.46697085221845913,1.0
0.9500000000000001,0.8,0.5343410513090681,0.4565171993935203,1.0
0.96,0.8,0.5383110480327207,0.5341644820041893,0.7526908711099614
0.97,0.8,0.5395457122847188,0.586853601044164,0.6062175818926202
0.98,0.8,0.5428249064864109,0.5698280346565798,0.719901393377782
0.99,0.8,0.547727082004198,0.5514509378344093,0.8124445599646997
1.0,0.8,0.5537750230768086,0.5350408562435037,0.8803638409977845
1.01,0.8,0.5577948077166872,0.5655043709088176,0.774863178270135
1.02,0.8,0.5631794222159915,0.5480614042870002,0.8539486051784195
1.03,0.8,0.5655326987796017,0.5958676854356952,0.6926096332145524
1.04,0.8,0.5723222495941231,0.5337548052241263,0.9389579935782804
1.05,0.8,0.5760055533070639,0.5776918474775767,0.7749039538058684
1.06,0.8,0.5803342230215135,0.5715743478626002,0.8140823876017907
1.07,0.8,0.5828458357752513,0.6020685986027196,0.7184729244770912
1.08,0.8,0.5864111328328327,0.5918313767212263,0.7789371739422347
1.09,0.8,0.5840416323288845,0.688412518285149,0.45608860511568033
1.1,0.8,0.5856434365772138,0.6439878226543039,0.6721408659870013
1.11,0.8,0.587448202166004,0.6455129231979543,0.6849055439606743
1.12,0.8,0.5949491439448039,0.5058680486622184,1.0
1.1300000000000001,0.8,0.5995691322368086,0.5813364789567088,0.8490485000050645
1.1400000000000001,0.8,0.60448607789544,0.5752247076002914,0.870001143461529
1.1500000000000001,0.8,0.6060870063173858,0.6257949418910015,0.6925371411024581
1.16,0.8,0.6132490607479788,0.5149259467551727,1.0
1.17,0.8,0.6122080871690259,0.6602290079083463,0.5559955139055661
1.18,0.8,0.6124981332114023,0.6548874196048384,0.6281606194997327
1.19,0.8,0.6193628734252905,0.5604152988815706,0.990058844975251
1.2,0.8,0.6243579494831397,0.580220932280434,0.8940920566069996
1.21,0.8,0.628395473903394,0.5923110690518925,0.8464217925971266
1.22,0.8,0.6300507224100244,0.6301273099147198,0.7194341417680647
1.23,0.8,0.6305116999355722,0.6556895649976032,0.6554044863151552
1.24,0.8,0.627953880595209,0.7124271421498656,0.4898316362155949
1.25,0.8,0.6322289708233817,0.6200560633997021,0.8630838431447082
1.26,0.8,0.6334635619688306,0.6629290731795264,0.700131483823073
1.27,0.8,0.6364163431447778,0.639680274371208,0.7958665266459248
1.28,0.8,0.6350494941418521,0.7068133945011079,0.5612396479838652
1.29,0.8,0.6370234862456833,0.6647358085903148,0.7436190598525704
1.3,0.8,0.6372950387948613,0.6917655042806624,0.6519588764504709
1.31,0.8,0.6438896744531365,0.5941880312035228,1.0
1.32,0.8,0.6471137695129807,0.6362000459920985,0.8212149027445669
1.33,0.8,0.65159530319566,0.6145628726392991,0.8935981220603408
1.34,0.8,0.6496336422618592,0.7117931993559923,0.5437039518366171
1.35,0.8,0.6507980703609462,0.67593923841457,0.7136771877116463
1.36,0.8,0.6545108920227669,0.6385922933298456,0.8550032617610853
1.37,0.8,0.6580862827656784,0.6364121765399509,0.8511573828828966
1.3800000000000001,0.8,0.6588663563698175,0.6774728778939464,0.7009903309933319
1.3900000000000001,0.8,0.6629100584278093,0.6308065351626354,0.8812699695593635
1.4000000000000001,0.8,0.6669844079095955,0.6256865033793231,0.8869992799260499
1.41,0.8,0.6669885776634918,0.6862353876004568,0.6672137443738981
1.42,0.8,0.662487011305247,0.7655138589477009,0.4194024279600279
1.43,0.8,0.6663163129539723,0.6526416691426544,0.8730986019851381
1.44,0.8,0.6702650706072296,0.6440816817222301,0.8834979838831224
1.45,0.8,0.6751488611202371,0.6234187972462079,0.9388735488226407
1.46,0.8,0.6796700887300745,0.6217484228178618,0.923816379661298
1.47,0.8,0.6788811778046546,0.7006694181126435,0.6362799878319783
1.48,0.8,0.6779655809665693,0.7129132991157967,0.6285233517099664
1.49,0.8,0.6798035125400411,0.678332569801869,0.779051817507519
1.5,0.8,0.6807173260981815,0.6931065520870895,0.7300632582377622
1.51,0.8,0.6822926701090863,0.6853539891984657,0.7673612466979483
1.52,0.8,0.6837465807052869,0.6878388639509752,0.7622577529001195
1.53,0.8,0.6893690198421407,0.622700218601973,0.9929807332322423
1.54,0.8,0.691270110216094,0.6710442889201719,0.7939289904095708
1.55,0.8,0.6916970542262564,0.6957292825196919,0.7147520307750287
1.56,0.8,0.6946863630045538,0.660370383003709,0.8561090370326149
1.57,0.8,0.6965510353998925,0.675629173250161,0.7972433447481863
1.58,0.8,0.6992262061119019,0.6637862281867831,0.8436854245604091
1.59,0.8,0.7004226323213397,0.6858863391439642,0.7650296476309802
1.6,0.8,0.6987360671547992,0.7345469632943451,0.6076615481616083
1.61,0.8,0.7009992576375391,0.6824728531285753,0.8232115437054954
1.62,0.8,0.7023601546412261,0.6948444304296549,0.775848592840325
1.6300000000000001,0.8,0.7012501075041307,0.7349088890187508,0.6413075621009822
1.6400000000000001,0.8,0.7011180852998022,0.7270409160704074,0.6939888862660633
1.6500000000000001,0.8,0.6985825871225052,0.7689263876581875,0.5616656855484655
1.6600000000000001,0.8,0.7040629037202778,0.6149631839973617,1.0
1.67,0.8,0.7027647652203055,0.738337261501202,0.6326652862218034
1.68,0.8,0.7054420355946729,0.6834734017493822,0.8500146358105105
1.69,0.8,0.7061401714810657,0.7108297083473881,0.7438395093462771
1.7,0.8,0.7051537131406717,0.7396489468770282,0.6518849627593956
1.71,0.8,0.704019219390276,0.7484838393683254,0.6427565568689124
1.72,0.8,0.7034430374009744,0.7455932470026294,0.6723292099786855
1.73,0.8,0.7053618771737274,0.7096473050441044,0.8089792249023935
1.74,0.8,0.7032502905842475,0.76974838449446,0.5892246147523311
1.75,0.8,0.7065559846633639,0.691931321495602,0.8850634649356486
1.76,0.8,0.7087877737268776,0.7009167081405324,0.8293043831566191
1.77,0.8,0.7082684061445498,0.7407618212826411,0.6802225566988451
1.78,0.8,0.711475485081718,0.6862135098253312,0.8846577476887998
1.79,0.8,0.7072284279801144,0.7979117354297679,0.4778873444935253
1.8,0.8,0.7070883032455467,0.7479966905942993,0.6995215675788903
1.81,0.8,0.7041360909024318,0.7941113161503625,0.5447166243742279
1.82,0.8,0.707507620332793,0.7030725234162006,0.8895702095722965
1.83,0.8,0.7109638879039494,0.6921840783223407,0.8976023367463924
1.84,0.8,0.7122959740537934,0.7176458079906264,0.7842286261453719
1.85,0.8,0.7120477293039541,0.741679034158041,0.698642512812633
1.86,0.8,0.7153785061335429,0.6885506218289936,0.8952404549313371
1.87,0.8,0.7156310382241602,0.7305665760124408,0.7292677711174946
1.8800000000000001,0.8,0.7170470806984744,0.7149588670673268,0.7935133743114472
1.8900000000000001,0.8,0.7142034661846383,0.7816743511215322,0.560648282437485
1.9000000000000001,0.8,0.717994075018021,0.6876953936926036,0.9226869520206938
1.9100000000000001,0.8,0.7166766084364967,0.7598405458871698,0.6455334130341843
1.92,0.8,0.7201323319869867,0.6909220670148963,0.9067414037134464
1.93,0.8,0.7237037086257548,0.6817069642626897,0.9165580471192355
1.94,0.8,0.7260085712649095,0.6952917315307299,0.8504711537792621
1.95,0.8,0.7292576969209695,0.6784011367912196,0.9047104823482114
1.96,0.8,0.7286627262880118,0.7351117113236276,0.6965343121082903
1.97,0.8,0.7263157082114703,0.7699131581311583,0.59957673207823
1.98,0.8,0.7269868887134562,0.7328883033528623,0.7632306358206925
1.99,0.8,0.7265084328508823,0.7519598932008512,0.7006718162718916
2.0,0.8,0.7237633101765444,0.7917954006738875,0.5755266857622953
2.0100000000000002,0.8,0.7252367841566859,0.7345643680636984,0.8048043790843293
2.02,0.8,0.7265908362902747,0.7330432785952097,0.7997096515040643
2.0300000000000002,0.8,0.7288906595798351,0.7155883775718637,0.853081117216102
2.04,0.8,0.7338199203147472,0.6645609681793838,1.0
2.05,0.8,0.7320027610376112,0.7642094775894706,0.6338761600722665
2.06,0.8,0.7368754381096546,0.661744343132572,1.0
2.07,0.8,0.7349954044625149,0.7629824955650077,0.6334735875169697
2.08,0.8,0.7355441837674839,0.7344225910331567,0.765178266235811
2.09,0.8,0.7332859326497118,0.7806154417999013,0.6113403722900206
2.1,0.8,0.734767838321771,0.7305751222292933,0.8147907446129703
2.11,0.8,0.7379097979102659,0.7018398320034642,0.9075756156889953
2.12,0.8,0.7374571414185277,0.7522262085803694,0.7130136908646664
2.13,0.8,0.7396285407707106,0.7150476959902027,0.85688410578859
2.14,0.8,0.7404872252184399,0.7323902677842381,0.7868561853958244
2.15,0.8,0.7407755427631298,0.7421620566929199,0.7563446901763876
2.16,0.8,0.7416319056772541,0.7353935542933031,0.7878755030399653
2.17,0.8,0.7425943608544536,0.7340798146783014,0.7945669404232295
2.18,0.8,0.7451256379406626,0.7092965613229716,0.8818146005959476
2.19,0.8,0.7456073753839201,0.7375602865769502,0.7716211973198283
2.2,0.8,0.7502326958314852,0.6600737510990793,1.0
2.21,0.8,0.7496685820290905,0.743939412022476,0.7192064366997731
2.22,0.8,0.7521817618221139,0.7017463425918136,0.8878934706453797
2.23,0.8,0.7484990785909167,0.7969923094359948,0.5496341841062657
2.24,0.8,0.7455909369294866,0.7992961484837668,0.5885512872122629
2.25,0.8,0.7502165562580414,0.6675499057086364,1.0
2.2600000000000002,0.8,0.7496433834542208,0.756013227872677,0.7186920520479079
2.27,0.8,0.7500889865079098,0.7445888265675505,0.7741515514071176
2.2800000000000002,0.8,0.7529079647905426,0.708220361304675,0.9051327920527105
2.29,0.8,0.751220290596511,0.7741740904965025,0.6600858841188018
2.3000000000000003,0.8,0.7526415281208338,0.7327527088103212,0.8293883544342676
2.31,0.8,0.7571389548822732,0.6819375642933697,1.0
2.32,0.8,0.7569429581764227,0.7464718887999945,0.746359136060494
2.33,0.8,0.7567445080864648,0.7510128334444188,0.7460282032287369
2.34,0.8,0.7561573246694883,0.7610017488161237,0.7244494201527595
2.35,0.8,0.7592589336933662,0.7069080047201777,0.9267458209827737
2.36,0.8,0.7570954126842745,0.7838861707702297,0.6402652781933266
2.37,0.8,0.7553381123635797,0.7865136962122301,0.6604438950460645
2.38,0.8,0.75885728099443,0.7095050212893833,0.948892387060341
2.39,0.8,0.760364142341654,0.7325030582351029,0.8417346550917518
2.4,0.8,0.7601940060897979,0.7571506497884797,0.751006648489574
2.41,0.8,0.761451788680189,0.7375569930093032,0.8293720485613076
2.42,0.8,0.7567133923359561,0.8312019730741764,0.5008399897473776
2.43,0.8,0.7571209528620637,0.765048276982286,0.7791292212718703
2.44,0.8,0.7605108191533648,0.7166976714078958,0.9435635988836257
2.45,0.8,0.7625534034142638,0.7289864620483736,0.8728529535028065
2.46,0.8,0.762376656993613,0.760254593084035,0.7528323502784691
2.47,0.8,0.7564478097167773,0.8542078093239573,0.4362900567676474
2.48,0.8,0.7582903088809011,0.7493172368438547,0.8577852637435849
2.49,0.8,0.7588713283124814,0.7633893656504933,0.7902463776178174
2.5,0.8,0.7583471883525437,0.7794331434388084,0.730043630515908
2.5100000000000002,0.8,0.7593725887570679,0.756742150902022,0.8147442106013761
2.52,0.8,0.7543059196863918,0.8505990236597363,0.4807057898698842
2.5300000000000002,0.8,0.7575782439355142,0.7330449218053854,0.9342837533881226
2.54,0.8,0.7567559547129826,0.7873463689413457,0.7123523366962792
2.5500000000000003,0.8,0.7576107211665704,0.7631734734723254,0.8037681096603062
2.56,0.8,0.7570882329820746,0.7824585760952271,0.7288738710193035
2.57,0.8,0.7612461606037322,0.7100225146452851,0.9857742521732404
2.58,0.8,0.7569883474248513,0.8319706684080198,0.527066435765288
2.59,0.8,0.7586264846491202,0.7521272471383129,0.8470858947596387
2.6,0.8,0.759471036126749,0.7599930151318208,0.8050768159187087
2.61,0.8,0.7625999368916747,0.722071985651999,0.9315605781976583
2.62,0.8,0.7645278224588409,0.7334121261643447,0.8686336430858115
2.63,0.8,0.7628674350060056,0.7870973997855621,0.6732065125529012
2.64,0.8,0.7607002797708673,0.8023274304504328,0.6436738970733958
2.65,0.8,0.7597315625910125,0.7908304674010167,0.7074208348788511
2.66,0.8,0.7578663021161497,0.8080903725785553,0.6571422364735573
2.67,0.8,0.7576882854652471,0.7864458586037336,0.7480753863165077
2.68,0.8,0.7592355294038232,0.7588267587995212,0.8427867020869296
2.69,0.8,0.7583336058550397,0.7926965689816038,0.7096297342207285
2.7,0.8,0.7582669718227052,0.7820777354713588,0.7546687340766428
2.71,0.8,0.7599548942270481,0.7542439611610472,0.8511027040615641
2.72,0.8,0.7591455862172907,0.7889978029686548,0.715442953690389
2.73,0.8,0.7571533204676604,0.8105734819984535,0.6495709699876218
2.74,0.8,0.7582995113247877,0.7665361734250283,0.8201938176096629
2.75,0.8,0.7606269040823833,0.7440513074275548,0.8863061129925481
2.7600000000000002,0.8,0.7596902763519681,0.7893753590008362,0.709112378909543
2.77,0.8,0.7560554518501672,0.8357191458652714,0.5597749287529219
2.7800000000000002,0.8,0.7586428468628917,0.7476329701236697,0.8983621775500148
2.79,0.8,0.7602512884193804,0.7549504619782524,0.8471071324697672
2.8000000000000003,0.8,0.76160607891692,0.7547953871379954,0.8347647657840598
2.81,0.8,0.7592661594917579,0.8105267752434395,0.6329105105330058
2.82,0.8,0.7636431384100896,0.6857782292152318,1.0
2.83,0.8,0.7627585659521356,0.778276953239988,0.7149916532226225
2.84,0.8,0.7601650787125753,0.8104491225825704,0.6201167677763166
2.85,0.8,0.7633688719052177,0.7276297518765127,0.9363737043079103
2.86,0.8,0.760033587507503,0.8229279682317167,0.5799282300309112
2.87,0.8,0.7600102462407767,0.7814459478463145,0.758749817837558
2.88,0.8,0.7627396048787013,0.7380488095505752,0.9101249713266272
2.89,0.8,0.7629314372624225,0.7709051976538102,0.7732903859833682
2.9,0.8,0.7672417747667422,0.7015517524117744,1.0
2.91,0.8,0.7684141847136635,0.7446189333193232,0.8317243218474183
2.92,0.8,0.7634586923323244,0.841490337415636,0.49586210374001205
2.93,0.8,0.7667378017011315,0.7277065304027922,0.9438097076167111
2.94,0.8,0.7623561912888501,0.8405206709775782,0.5257492290256564
2.95,0.8,0.7639892020257546,0.7590932477612391,0.8521717818185954
2.96,0.8,0.7624985072303457,0.8037757173848123,0.6820009882782683
2.97,0.8,0.763790724115052,0.7642543881363247,0.8335704358891912
2.98,0.8,0.7680854382220511,0.6741314623701056,1.0
2.99,0.8,0.769141316479522,0.7451793857826712,0.8261587423829491
3.0,0.8,0.7682193711260642,0.7767354603427774,0.7184343220393441
3.0100000000000002,0.8,0.771096762455577,0.7221813827677405,0.9264758942492697
3.02,0.8,0.773931360128476,0.7172003331246734,0.9269996344650213
3.0300000000000002,0.8,0.7719665530551935,0.788578794277393,0.66586697109794
3.04,0.8,0.7732745163430866,0.7459899530640948,0.8439045338893159
3.0500000000000003,0.8,0.7770689076215949,0.705441427503861,0.9819660366610401
3.06,0.8,0.7775774134595784,0.7497043006773371,0.8050367287106925
3.0700000000000003,0.8,0.774307256264877,0.8120069163939675,0.5977187677509981
3.08,0.8,0.7753981185100633,0.7553574134615796,0.8343046797501271
3.09,0.8,0.7727702375210275,0.8127890213681378,0.6308646641130896
3.1,0.8,0.7693784559333475,0.8338611480270212,0.586222250198632
3.11,0.8,0.7705869384039961,0.7706790719531683,0.8358449918190146
3.12,0.8,0.7743759457157899,0.7253996046653808,0.9789823405526565
3.13,0.8,0.7776817647713077,0.7223133418901977,0.9561959937692633
3.14,0.8,0.7770723998477251,0.7766316106038211,0.7441666939742669
3.15,0.8,0.7744791945734487,0.8123146269280547,0.6344461097625229
3.16,0.8,0.7741661157914037,0.785239807705983,0.7572598615609747
3.17,0.8,0.773257973677183,0.7960564033989327,0.7242182995092616
3.18,0.8,0.7750878013414707,0.7555243024409698,0.8738984952130069
3.19,0.8,0.7746029357718253,0.7871047117073882,0.7484201950109743
3.2,0.8,0.7762297336286542,0.7557505851367243,0.8640768178974166
3.21,0.8,0.7771336048213132,0.7632053374867709,0.8259426492248996
3.22,0.8,0.7803357946845693,0.7254437458885427,0.9532540473003932
3.23,0.8,0.7835743414480751,0.7174472747955822,0.958455866677393
3.24,0.8,0.7834548769112794,0.7642960737745174,0.7770037919243091
3.25,0.8,0.7851669844503967,0.7391509032901679,0.8776207915627314
3.2600000000000002,0.8,0.7862838964217737,0.7468171556456037,0.8465971428761302
3.27,0.8,0.7832237424578719,0.8131257949403892,0.617975428407172
3.2800000000000002,0.8,0.7830525442675809,0.7789405055989371,0.7738078419918683
3.29,0.8,0.7753785615714608,0.8996175797884828,0.3609834959809789
3.3000000000000003,0.8,0.7746063209109523,0.8124322445883896,0.7329053252434935
3.31,0.8,0.777807006339026,0.7492788163037704,0.950644019455008
3.3200000000000003,0.8,0.7765456793561069,0.8089273000228222,0.708434022278473
3.33,0.8,0.7766159442210316,0.7908178348737063,0.7804102469269679
3.34,0.8,0.77924510462986,0.7491887010403383,0.921219766706588
3.35,0.8,0.7766932144651829,0.8233489033132575,0.6388911455726215
3.36,0.8,0.7795229463334079,0.7456800701506124,0.9323284672175555
3.37,0.8,0.7835316200364368,0.6571876962389436,1.0
3.38,0.8,0.7800222655063783,0.8152942104020314,0.5905171208832176
3.39,0.8,0.7811457311209554,0.7553319007616673,0.8418128743081186
3.4,0.8,0.7767991206561413,0.8405872308151371,0.5420821555561791
3.41,0.8,0.778994345006954,0.7508122323874653,0.8975364599508363
3.42,0.8,0.781999886131135,0.7317401751355396,0.9442991068369139
3.43,0.8,0.777451545341362,0.8439383527688131,0.5318411426936158
3.44,0.8,0.780729060665891,0.7344316123359479,0.9577148881904576
3.45,0.8,0.7799859964370199,0.7888648083259933,0.7398605280779835
3.46,0.8,0.7763476093007067,0.8379750842688893,0.5798747039397912
3.47,0.8,0.7769863118479403,0.7809275030371423,0.8114762493985548
3.48,0.8,0.777908525895297,0.7737629152352289,0.827708084452562
3.49,0.8,0.778121461273984,0.78200546338484,0.7896199717230763
3.5,0.8,0.7764262565148157,0.8116836073635373,0.6848851995197274
3.5100000000000002,0.8,0.7792976922615272,0.7441537701276238,0.9343552225839511
3.52,0.8,0.7778754745788607,0.8037233322333579,0.7010757197148736
3.5300000000000002,0.8,0.7769236102665767,0.8009584912564396,0.7255229374032391
3.54,0.8,0.7717674168002857,0.8702320912818784,0.4933329696205703
3.5500000000000003,0.8,0.7745497494823673,0.7583063956031453,0.924795714314772
3.56,0.8,0.7779809413306747,0.7379565551143508,0.9632653011392744
3.5700000000000003,0.8,0.7763818790167597,0.8074084222509412,0.6900325140653463
3.58,0.8,0.7780729785628601,0.7604955890297909,0.869392354052277
3.59,0.8,0.7776330019366254,0.7896376252181952,0.7538742641199558
3.6,0.8,0.7777409429129273,0.7829360628378356,0.7835697556332253
3.61,0.8,0.775237778049991,0.8244767013659515,0.6400668754514377
3.62,0.8,0.7779650881707026,0.7489642786431886,0.9252398346891293
3.63,0.8,0.778581318223468,0.7742739070163761,0.8118577410727936
3.64,0.8,0.7826071124375867,0.6764968122549508,1.0
3.65,0.8,0.7836995474084192,0.7470025565864096,0.842691035833374
3.66,0.8,0.7786230483385084,0.8451530998699613,0.5044920985633276
3.67,0.8,0.7805586662774444,0.7513628117527339,0.8850820349799912
3.68,0.8,0.7821289622684084,0.7524995935617462,0.8669249457804651
3.69,0.8,0.7847214898549105,0.7334126749890084,0.9247179795260232
3.7,0.8,0.782280140952614,0.8079148614423474,0.6504473002286009
3.71,0.8,0.7816009150783643,0.7893997474874845,0.7449227178688782
3.72,0.8,0.7846070444891718,0.7341262406931474,0.9469380326727815
3.73,0.8,0.7822688107064288,0.8113050594527447,0.6560041864383077
3.74,0.8,0.7816351115452157,0.7926730459001547,0.747415356839707
3.75,0.8,0.7799451295535628,0.8117964467225028,0.6886861020043024
3.7600000000000002,0.8,0.782197700890251,0.7542859492164751,0.9038365530714118
3.77,0.8,0.777880953400535,0.8517180511996714,0.5447765889558682
3.7800000000000002,0.8,0.7779770018273455,0.7942756576379114,0.7831636168751145
3.79,0.8,0.7792981500790348,0.7733014211482976,0.8506401556702582
3.8000000000000003,0.8,0.7812579412605948,0.7585447788147415,0.8870866650648357
3.81,0.8,0.7820466857380053,0.771464846393066,0.8246388875181715
3.8200000000000003,0.8,0.7799031731937928,0.8163983655107857,0.6641534958063148
3.83,0.8,0.7811711912773156,0.7691445055098577,0.8496441677875481
3.84,0.8,0.7787289140448588,0.8242969462256401,0.6468459434921903
3.85,0.8,0.7781482350010015,0.8019559609473224,0.746791566632711
3.86,0.8,0.7757297409879065,0.8320080419534623,0.6451310642807738
3.87,0.8,0.7751785240659581,0.8082939101235534,0.7454128102807478
3.88,0.8,0.7768680579663702,0.7726609534125247,0.8681028885886218
3.89,0.8,0.7809250023669816,0.7004944602801081,1.0
3.9,0.8,0.779850702191945,0.7928678255868644,0.721838492739966
3.91,0.8,0.7779138046835159,0.8114137435074813,0.6733213392283474
3.92,0.8,0.7780902330595812,0.7844294959390002,0.7876173653671079
3.93,0.8,0.7772423567839497,0.8003475017295786,0.731457037899844
3.94,0.8,0.7792067132566523,0.7583775528700517,0.8852819627825883
3.95,0.8,0.7804687409310858,0.7639876099782102,0.848618235350493
3.96,0.8,0.7828997352268064,0.7427731791751235,0.9141734271957214
3.97,0.8,0.7790129044102913,0.8373757513397085,0.5691240403184722
3.98,0.8,0.7792136688927517,0.7853486749540162,0.7900549509456176
3.99,0.8,0.7810156518429535,0.7595142255108455,0.8783227311538508
4.0,0.8,0.7845229380135081,0.727741551553768,0.9739163912234572
4.01,0.8,0.7842851867024715,0.7783906469641855,0.7714466159064911
4.0200000000000005,0.8,0.7802191631196985,0.8419904343809735,0.560653889649957
4.03,0.8,0.7797067212889955,0.7986960289763911,0.7520348624310367
4.04,0.8,0.7823001537892229,0.7507258583679887,0.9223455088015036
4.05,0.8,0.7788192681007412,0.8394799521986309,0.5908514409227281
4.0600000000000005,0.8,0.776216066102272,0.835959674080663,0.6356431581849366
4.07,0.8,0.7753096781948111,0.8154471129510441,0.7263647311919248
4.08,0.8,0.7749923501336515,0.8068623529255375,0.7578566348310338
4.09,0.8,0.7737087633873917,0.8212184213362141,0.7043950790893618
4.1,0.8,0.774171856656751,0.7954391252412181,0.7991788932021533
4.11,0.8,0.7738209515465356,0.8051718893577169,0.7548720755949032
4.12,0.8,0.7773943568944163,0.7426199381152848,0.9703582456799684
4.13,0.8,0.7742871970960786,0.8373766693204874,0.6065005679858478
4.14,0.8,0.7751484908502828,0.7835344046971777,0.8216583535773085
4.15,0.8,0.7712213396137294,0.8561169631608174,0.5591551728398441
4.16,0.8,0.7753809516207525,0.689531420668864,1.0
4.17,0.8,0.7739685225835561,0.8035973063460475,0.6976973545749487
4.18,0.8,0.7722739693283259,0.8132269842016898,0.6807680935458961
4.19,0.8,0.774355363376137,0.7585566648902675,0.8867506419579333
4.2,0.8,0.7739179950691149,0.7924531356751476,0.7503001064899216
4.21,0.8,0.7728789553868688,0.8038510510024246,0.7167708125455831
4.22,0.8,0.7725417372993068,0.7959742158786647,0.7543319605709571
4.23,0.8,0.775099050301782,0.7509553670559247,0.9131939524354464
4.24,0.8,0.7760351831146913,0.7694215371035594,0.8265863550117902
4.25,0.8,0.7738781340212606,0.8167967617859184,0.6573974829760026
4.26,0.8,0.771654699132808,0.8249709373900231,0.6515892151563698
4.2700000000000005,0.8,0.7729387844366483,0.7756137728771293,0.842279390844022
4.28,0.8,0.7739216457549031,0.7760200835982485,0.8269961569406583
4.29,0.8,0.7743521558478369,0.7819414999047887,0.7975997008662661
4.3,0.8,0.7725875773940691,0.8158587642415122,0.6773003408906108
4.3100000000000005,0.8,0.7765524653870727,0.7304260386763218,0.9906564170092664
4.32,0.8,0.7802543963414721,0.723389832029117,0.9801586678790416
4.33,0.8,0.7795026684123063,0.78522699498902,0.7389093602373564
4.34,0.8,0.7822142740993411,0.7352415176921658,0.9286409811992158
4.3500000000000005,0.8,0.7831025391311272,0.7587298951127375,0.8310688508475765
4.36,0.8,0.7822624085469774,0.7865543686630726,0.7368953570028871
4.37,0.8,0.7807970365582637,0.8015626057636006,0.7016669491677237
4.38,0.8,0.7837297692770131,0.7379133631390529,0.9420973360894798
4.39,0.8,0.7813045730810141,0.8157939871472212,0.6503439784970683
4.4,0.8,0.7852808535704502,0.7103559881932087,1.0
4.41,0.8,0.7831603370823013,0.8070974955414815,0.6686524467222583
4.42,0.8,0.7870711002452685,0.7200510670359217,0.9982523110454988
4.43,0.8,0.789378132004947,0.7360741645576092,0.9139578470275882
4.44,0.8,0.7864764002490282,0.8150670091880416,0.6297828854294141
4.45,0.8,0.787119942396581,0.7702219113076428,0.8218712183644337
4.46,0.8,0.7886937628015387,0.7552976104865666,0.8736800646692526
4.47,0.8,0.7891116396018373,0.7709026924299495,0.8116769868179586
4.48,0.8,0.7872617557519919,0.8077129433680521,0.6873680278603395
4.49,0.8,0.7872794090135679,0.7850998839067772,0.7882326851386737
4.5,0.8,0.78728162321268,0.7861040979952381,0.787401189964739
4.51,0.8,0.7845895593637844,0.8294726792249506,0.6392181115234177
4.5200000000000005,0.8,0.7870444074284529,0.7559339356748517,0.9196062029205548
4.53,0.8,0.7882623973765068,0.7681670602854335,0.8540338545714167
4.54,0.8,0.7893549040144348,0.7673651982228542,0.848350262462541
4.55,0.8,0.7859810280875973,0.836111790441901,0.6037917280383739
4.5600000000000005,0.8,0.7839354563938008,0.8256372544107204,0.6734745849287904
4.57,0.8,0.7816053565189196,0.8354185185685306,0.6557799632753336
4.58,0.8,0.783089518535687,0.7802553322380332,0.863234267441124
4.59,0.8,0.7844122854457766,0.7768174164621413,0.8558416985906115
4.6000000000000005,0.8,0.7828129524223921,0.8185232052868792,0.6964489691596305
4.61,0.8,0.7847278490224867,0.7670364852287688,0.8881322654275942
4.62,0.8,0.7830434656811008,0.8179545033574809,0.6920867652462624
4.63,0.8,0.7820340319649747,0.812015175744305,0.7275246112941629
4.64,0.8,0.7848182733073187,0.7541013114374628,0.9351673057938961
4.65,0.8,0.7853340940691816,0.7814904865377126,0.8131884152097806
4.66,0.8,0.7858477286993423,0.7805640543659468,0.8135839987280162
4.67,0.8,0.7816001678704999,0.8551813439044671,0.5522318831130116
4.68,0.8,0.7762447258831017,0.8851131014339029,0.487050858563597
4.69,0.8,0.7788667825546791,0.7722476359196921,0.92045784281986
4.7,0.8,0.7803752043795736,0.7794293697110309,0.8618299829238752
4.71,0.8,0.7843683824817632,0.6891118261880185,1.0
4.72,0.8,0.7833693251683451,0.792829674466957,0.7294202302437668
4.73,0.8,0.7832985677955464,0.783088006275352,0.7794776696644151
4.74,0.8,0.7860273902289301,0.7403848161242212,0.933383801631648
4.75,0.8,0.7834937394515644,0.8174511595394189,0.646676597473821
4.76,0.8,0.7874302169160814,0.7208635870034636,1.0
4.7700000000000005,0.8,0.7872367988074047,0.7788360988441431,0.7767922209388668
4.78,0.8,0.7863480107405417,0.7927910692963284,0.73835345512994
4.79,0.8,0.789296978474482,0.73638801302794,0.9485412361072547
4.8,0.8,0.7863111949778904,0.8235666081627517,0.6250788861619399
4.8100000000000005,0.8,0.7836757311858695,0.8285336649467827,0.6413606864167429
4.82,0.8,0.7876088997097628,0.7282188970589315,1.0
4.83,0.8,0.790844746494152,0.7312953557663283,0.9655804728511697
4.84,0.8,0.7883254742167274,0.8149351258433157,0.6522847712357965
4.8500000000000005,0.8,0.7881591512353912,0.787105594081088,0.7791777102432329
4.86,0.8,0.7910808224097358,0.7397030256466118,0.9488510658243454
4.87,0.8,0.7910508782781106,0.7792717530949216,0.7894338951703522
4.88,0.8,0.790677715107632,0.7867502110529401,0.7705269039017879
4.89,0.8,0.790585918722569,0.7849561577573216,0.7856289139291717
4.9,0.8,0.7881421150071423,0.823685464674315,0.6561767143740971
4.91,0.8,0.7874580155872726,0.803510045002129,0.7505166469143076
4.92,0.8,0.7834245101621146,0.8582365678376832,0.5656152172035794
4.93,0.8,0.7813133707008387,0.8383989298426231,0.6673118397919439
4.94,0.8,0.7813266959875865,0.8084523215925595,0.7820462614719673
4.95,0.8,0.7801644593212592,0.8244098709727654,0.7174036793395862
4.96,0.8,0.7785167376563644,0.8331172461524401,0.6895397677520428
4.97,0.8,0.7786738599099199,0.8067565311259602,0.7871584616019126
4.98,0.8,0.7826979715479213,0.7296441687509664,1.0
4.99,0.8,0.7810235599900867,0.8170746580080941,0.6906053358670159
5.0,0.8,0.7817514951693241,0.7839144634700804,0.8210599948481443
5.01,0.8,0.7783732922794123,0.84650393531129,0.5959503362241765
5.0200000000000005,0.8,0.7796418965892876,0.7821122597436527,0.8481465293225561
5.03,0.8,0.7794254883195473,0.8006815946183171,0.7677394417535662
5.04,0.8,0.7797137506707704,0.7926110845628775,0.7952799176368216
5.05,0.8,0.7764803222026877,0.8469627708602463,0.6018751849262208
5.0600000000000005,0.8,0.7777839777729816,0.7835676149294551,0.8481813785688541
5.07,0.8,0.7798005683171111,0.7670023817188023,0.8886964577001017
5.08,0.8,0.7798263535928924,0.7921642403072138,0.7812187584850874
5.09,0.8,0.7817477109151344,0.7622460228897132,0.8855010063162037
5.1000000000000005,0.8,0.7817070054388517,0.7882292803934089,0.7795089097195881
5.11,0.8,0.7821659449678613,0.7814081242153712,0.8069486795343769
5.12,0.8,0.7818630365551837,0.793030847587863,0.7655059822705974
5.13,0.8,0.7775164746369818,0.8587943980284073,0.5428021310540765
5.14,0.8,0.7801173241289608,0.7612888518129468,0.9205631966958258
5.15,0.8,0.7809019076430467,0.781596252427942,0.8232694174036825
5.16,0.8,0.7820995403273233,0.7729222377424838,0.8467717052782601
5.17,0.8,0.7808349002863794,0.8090040019336742,0.7125443380754067
5.18,0.8,0.7846040024379729,0.7335719149571996,0.9881355186240242
5.19,0.8,0.7862588124683744,0.7568948230395905,0.8756185541100507
5.2,0.8,0.7859846438305019,0.7846792283873835,0.7711795373853918
5.21,0.8,0.7844347697385274,0.8078305578419945,0.7007415687719037
5.22,0.8,0.7848558731193616,0.7825835213194898,0.8075954556844067
5.23,0.8,0.786373645385137,0.7648444222628065,0.8683333477370089
5.24,0.8,0.7885122347039912,0.7517005492342821,0.9039960579221207
5.25,0.8,0.7867508161788421,0.8089823400794163,0.6916342158207899
5.26,0.8,0.7831863346513129,0.8444387598893149,0.5907043321647346
5.2700000000000005,0.8,0.7833524048036574,0.7961013543367643,0.7923201930302588
5.28,0.8,0.7837754398186155,0.7908778058129431,0.8066193306263525
5.29,0.8,0.7834212210234003,0.8015303600684784,0.7642934060817794
5.3,0.8,0.7866382500565695,0.7457151043586693,0.9603578178477075
5.3100000000000005,0.8,0.7874816180679409,0.7741712546198433,0.8330234906819963
5.32,0.8,0.7880861982458254,0.776764561219896,0.8207335278515853
5.33,0.8,0.7872083958554121,0.7998958163511027,0.7398070667730992
5.34,0.8,0.7874503616852301,0.7859273682314314,0.800516516495401
5.3500000000000005,0.8,0.7906749464161281,0.7387943596068326,0.9648025218846247
5.36,0.8,0.7872722414911186,0.8356841086191319,0.603526175540605
5.37,0.8,0.7833685471587946,0.8549685792709378,0.5725690532132934
5.38,0.8,0.7853405586528726,0.7728406625996003,0.891829179333087
5.39,0.8,0.7850824780991079,0.8012941942234624,0.7711461281958185
5.4,0.8,0.7851949345648898,0.7957689413785523,0.7912675837171119
5.41,0.8,0.7839484382180539,0.8165814792174166,0.7166376354889171
5.42,0.8,0.7878766484322711,0.7247571142998738,1.0
5.43,0.8,0.7836765823972511,0.8523970373831491,0.5568730165061747
5.44,0.8,0.7858097402315618,0.7649624891495942,0.901000263284339
5.45,0.8,0.7830237218114251,0.8363787859235797,0.632578727124046
5.46,0.8,0.783908796206248,0.7862505675931539,0.8317028135266832
5.47,0.8,0.7857178184405801,0.768326570839632,0.8834050190945149
5.48,0.8,0.7864497709550472,0.7800997104857822,0.8259752067362711
5.49,0.8,0.7844207599606738,0.8223366887880079,0.6748541662645104
5.5,0.8,0.7873643231525763,0.749889714795553,0.9463167355153101
5.51,0.8,0.7883654716616328,0.7723572065902817,0.8424274911506877
5.5200000000000005,0.8,0.7894686931948088,0.7690782627060824,0.8490426559863131
5.53,0.8,0.7932965351367214,0.7208507573775157,1.0
5.54,0.8,0.7888768564738484,0.8453135480252777,0.5502142086787115
5.55,0.8,0.7875167104296212,0.8120324097755484,0.7140688240413503
5.5600000000000005,0.8,0.7880359051884015,0.7866641095692385,0.8160724221625341
5.57,0.8,0.7854390190589233,0.8345824134383301,0.6452071680671032
5.58,0.8,0.7888236192016267,0.7471818249952846,0.9715920269076088
5.59,0.8,0.7891211339565792,0.7858856266319652,0.8051869307240143
5.6000000000000005,0.8,0.7848495206738411,0.8581372474206312,0.5541824034059791
5.61,0.8,0.7835153027680056,0.8240361772189623,0.7114675358528892
5.62,0.8,0.7874513881722237,0.6944972864815867,1.0
5.63,0.8,0.7913159083872742,0.6541681360762293,1.0
5.64,0.8,0.7920064884247773,0.7497997539035212,0.8292978104499441
5.65,0.8,0.7875166375766881,0.8344578207723409,0.5450646917798754
5.66,0.8,0.788217296571274,0.7686188060283077,0.826052882278916
5.67,0.8,0.7882032344800092,0.7795075339802503,0.7874438815517085
5.68,0.8,0.7862051800123045,0.8125340921651945,0.6783102387562557
5.69,0.8,0.7885340504174504,0.7507970878533414,0.9142930522953233
5.7,0.8,0.7875566662580907,0.7970491662365712,0.7347779216526711
5.71,0.8,0.785425814151487,0.8192405952905062,0.67035980039489
5.72,0.8,0.7846594788488155,0.8041063429606943,0.7432773725045482
5.73,0.8,0.7842308569217811,0.8004972974078406,0.761085272861925
5.74,0.8,0.786385524090961,0.7601490123236808,0.9027375512266748
5.75,0.8,0.7851699512324746,0.8069570098976021,0.7195290168742119
5.76,0.8,0.7866447554131644,0.7680647483157422,0.8662841811704153
5.7700000000000005,0.8,0.7833845714578849,0.8388426334356306,0.6073346378727909
5.78,0.8,0.7777309879994004,0.886188281005579,0.47243748124124163
5.79,0.8,0.7817111282303029,0.74813475270763,0.9966387006990325
5.8,0.8,0.7856800168079338,0.6947310453193531,1.0
5.8100000000000005,0.8,0.7862316614350301,0.7686624209547477,0.8160204712982319
5.82,0.8,0.7847436480626854,0.8013054657282529,0.7043909259560731
5.83,0.8,0.7820203307612508,0.8267489011406999,0.6349611964837851
5.84,0.8,0.7799229731872165,0.8251809513013022,0.6666656641893621
5.8500000000000005,0.8,0.7829999196791804,0.7485649185346185,0.949155030245232
5.86,0.8,0.7852968681346845,0.7512705060390135,0.9093320847319082
5.87,0.8,0.7818683105884698,0.8359889048831037,0.5967262030928826
5.88,0.8,0.7852895392651115,0.7381728024912155,0.9700358878037566
5.89,0.8,0.7823666477968421,0.8288987933136969,0.6245305085102912
5.9,0.8,0.7835342252795853,0.7732911307087038,0.8465834093477157
5.91,0.8,0.7819013251544434,0.8141903688184312,0.693724718396786
5.92,0.8,0.7808255197378647,0.8101479137049948,0.7227320272426142
5.93,0.8,0.7797989075467435,0.8118916189803078,0.7243618492261957
5.94,0.8,0.7788538957868261,0.8126159754344878,0.7278232607512859
5.95,0.8,0.782634222878453,0.7392782565803719,0.986771885826308
5.96,0.8,0.7821904427881872,0.7945350672229046,0.7582263179138333
5.97,0.8,0.7826033319385196,0.7827497392408166,0.8048993460564714
5.98,0.8,0.7821941811126752,0.7949396530844249,0.7601000365170824
5.99,0.8,0.7795741803250018,0.8315241168823,0.6380941377906341
6.0,0.8,0.7813856117107295,0.7687298506798846,0.8792029065400271
6.01,0.8,0.7838241845494377,0.7529067948058896,0.9155071178396814
6.0200000000000005,0.8,0.7857292145628247,0.7546995655020103,0.8886008352857244
6.03,0.8,0.7861990351165896,0.7732964794515087,0.8115693450198911
6.04,0.8,0.7839820909889613,0.8163034571470328,0.6642671080970334
6.05,0.8,0.7863525203412217,0.7513894659590429,0.9143557053632844
6.0600000000000005,0.8,0.7832066361231594,0.8327228361452735,0.6133288883477953
6.07,0.8,0.7830871142473451,0.7948246947444597,0.7766329329533707
6.08,0.8,0.784290719992652,0.7740426774215327,0.8492854302392224
6.09,0.8,0.7879919632040534,0.7310246808812026,0.9878590966197305
6.1000000000000005,0.8,0.7868628641389313,0.7977892905834575,0.725891514622332
6.11,0.8,0.784995054150785,0.8145216370226285,0.6841333147908826
6.12,0.8,0.7889042349844071,0.7143644226817325,1.0
6.13,0.8,0.7851864778669652,0.8365826178358331,0.5844275935250994
6.140000000000001,0.8,0.7813332702263676,0.8510963584626965,0.5732600576340956
6.15,0.8,0.7817115365769389,0.7948733621027646,0.8021379195077927
6.16,0.8,0.78152270255509,0.801382772511572,0.7713256653752526
6.17,0.8,0.7764604242274913,0.8780705024186133,0.5030973945371561
6.18,0.8,0.775520392437333,0.8257360514215392,0.7247586757687858
6.19,0.8,0.7796018398475633,0.7396101044799998,1.0
6.2,0.8,0.7806324650757706,0.7789360324016663,0.836286227398967
6.21,0.8,0.7817463802957567,0.7743552223710815,0.8418978021750106
6.22,0.8,0.7825879011943924,0.7757113084519508,0.8280300297207148
6.23,0.8,0.7865408484454034,0.6880171884839461,1.0
6.24,0.8,0.7835872134812799,0.8168210420679132,0.6240909254186093
6.25,0.8,0.7850575278316274,0.758117768798757,0.8644545027503905
6.26,0.8,0.7842527748578693,0.7916035864107359,0.740796114274932
6.2700000000000005,0.8,0.7845141684477434,0.7788072011081894,0.7986294223009467
6.28,0.8,0.7822487125821336,0.8193579835284643,0.6599140958392036
6.29,0.8,0.7835390152777895,0.7704163649710281,0.8532153608432071
6.3,0.8,0.785787820019175,0.751721892846182,0.9072232760539941
6.3100000000000005,0.8,0.7841895350023727,0.8070847192215449,0.6978821440950455
6.32,0.8,0.7808585207119233,0.8403849623959813,0.6009837490276586
6.33,0.8,0.7827053062682557,0.7680660933764537,0.8824317263102063
6.34,0.8,0.7797891194369884,0.837503227381305,0.6223150305485494
6.3500000000000005,0.8,0.7803607743088999,0.7902764454372588,0.8112301373921224
6.36,0.8,0.7827284442097631,0.7590515948976567,0.910582618856371
6.37,0.8,0.779292711686619,0.8437347562240892,0.5937631554368343
6.38,0.8,0.7826133325790117,0.7465476582644781,0.9619268607682193
6.390000000000001,0.8,0.7804510721036,0.8231752605436005,0.6636890064313673
6.4,0.8,0.7826508433522653,0.7605236334320662,0.9014384907801959
6.41,0.8,0.7819054476920819,0.800659589177953,0.7416540820421791
6.42,0.8,0.7856250815694494,0.732539515480983,0.9864853109472939
6.43,0.8,0.7874751372669183,0.7521213767192826,0.8873781449302367
6.44,0.8,0.7841936168197461,0.8300772292949049,0.6069915126724474
6.45,0.8,0.7840447416916254,0.79171829089633,0.776005484773112
6.46,0.8,0.7843407631302833,0.7855764623502787,0.8003259208178093
6.47,0.8,0.7857974515180403,0.7667484334489065,0.8644586244569143
6.48,0.8,0.7847001886874483,0.8036566784671533,0.7254479958354833
6.49,0.8,0.7885824532594028,0.7288094175835362,0.9982247401449438
6.5,0.8,0.7908723431122098,0.7437850434863479,0.9145263951637875
6.51,0.8,0.7903185051467114,0.7845607284990205,0.7604112550098033
6.5200000000000005,0.8,0.7917727008240937,0.7569472638995689,0.8702992674027346
6.53,0.8,0.7926726102394138,0.7637489500918713,0.8412677186667028
6.54,0.8,0.7919173170709622,0.7898124799174758,0.7511314859745772
6.55,0.8,0.791654215962286,0.7864164637931043,0.777446756093769
6.5600000000000005,0.8,0.791771033926851,0.7827539479367867,0.798079204013358
6.57,0.8,0.7871725524449606,0.8583820586896037,0.5388545524228845
6.58,0.8,0.7853826964868191,0.827615584455948,0.6887304747471772
6.59,0.8,0.7833984373546968,0.8345720772279748,0.6762484442200934
6.6000000000000005,0.8,0.7849578979982245,0.7822719573000901,0.8691687727487185
6.61,0.8,0.7872150605217726,0.7647705264853001,0.9091018367933721
6.62,0.8,0.7910838776031949,0.7290590934237198,1.0
6.63,0.8,0.7913943675291567,0.7771583814133027,0.808160823531094
6.640000000000001,0.8,0.7951871972104447,0.7079561468568852,1.0
6.65,0.8,0.7951508838092228,0.7718375445271957,0.7931899601432385
6.66,0.8,0.7919301475934014,0.8257204412265706,0.6180103919390463
6.67,0.8,0.7874809463276179,0.8567913573646131,0.5472240779753086
6.68,0.8,0.785799294893481,0.826105222994982,0.6949901174500892
6.69,0.8,0.7890601105389644,0.7513352772022082,0.9651441553950675
6.7,0.8,0.7880286857018621,0.8087648514510589,0.7323317444983364
6.71,0.8,0.7904820625712324,0.7564621246995635,0.9229644135172261
6.72,0.8,0.7882611856799795,0.8234010141747563,0.6683338335523212
6.73,0.8,0.7889721621730523,0.7838067383525739,0.8273648927989884
6.74,0.8,0.7870472353308225,0.8233001667513349,0.6831011858504139
6.75,0.8,0.7812503465030646,0.8899630582201442,0.46821834980413524
6.76,0.8,0.7809421582180645,0.8181513186363594,0.7642999908280597
6.7700000000000005,0.8,0.7769496500424914,0.8742401560332127,0.5613542085615454
6.78,0.8,0.7791710656652068,0.7840473425617405,0.8991275092918396
6.79,0.8,0.7818986600015799,0.7659823568379537,0.9291887541657305
6.8,0.8,0.7796337726231033,0.83524683556998,0.6573298541853667
6.8100000000000005,0.8,0.7768687775529379,0.8486080348337908,0.627559043764008
6.82,0.8,0.7804122065872104,0.7546681937706604,0.971757374437926
6.83,0.8,0.7813653723794252,0.783477485211053,0.8328363251590207
6.84,0.8,0.7853405474270719,0.7239841912278075,1.0
6.8500000000000005,0.8,0.7856845113969977,0.7773387123223643,0.8042585657729903
6.86,0.8,0.7833169779184939,0.821217800537088,0.6554701700792864
6.87,0.8,0.7840788230208431,0.7798615844223642,0.8252184585477015
6.88,0.8,0.7859073668207449,0.7613100167175748,0.8846487320154455
6.890000000000001,0.8,0.7894646376856089,0.7296177707324334,0.9815572643882655
6.9,0.8,0.7877850488541975,0.8041948176823216,0.6970872519579796
6.91,0.8,0.7855875967246704,0.8196866754008146,0.6669251817302062
6.92,0.8,0.7845133682258263,0.8094476240357011,0.726505029288248
6.93,0.8,0.7845761482264603,0.7947259961838068,0.7879662682606958
6.94,0.8,0.7884762425357017,0.7336135342529136,0.9990813352347396
6.95,0.8,0.7837822557702794,0.8589485881669491,0.5303069704374768
6.96,0.8,0.7848900799251308,0.7815208011865598,0.8447125842871114
6.97,0.8,0.7859171085922643,0.7790982219247176,0.8413766566174694
6.98,0.8,0.7844805736675554,0.8152342505936934,0.7069076877332754
6.99,0.8,0.7883991086917816,0.6979531242593596,1.0
7.0,0.8,0.7879359224951407,0.785820419198481,0.762923867876527
7.01,0.8,0.7879107864671091,0.7824643383759465,0.7865534409534033
7.0200000000000005,0.8,0.7867160335195432,0.8028021117449017,0.7221993743509846
7.03,0.8,0.7834333537157938,0.8406024274305268,0.6061686443133257
7.04,0.8,0.7831806706902977,0.8023213588743577,0.7695357873135065
7.05,0.8,0.7871228403141105,0.709896734657191,1.0
7.0600000000000005,0.8,0.7876247796910103,0.7735597701938299,0.8147295060435993
7.07,0.8,0.7867384096085386,0.7958460476147247,0.7388744251550629
7.08,0.8,0.7863114248692076,0.7926250991754182,0.7632542489453333
7.09,0.8,0.7896553902511864,0.7350609087980982,0.9702295208780425
7.1000000000000005,0.8,0.7932175289836403,0.7231050486552507,0.9855730205361501
7.11,0.8,0.7904768104532083,0.8151779641523011,0.6424780098098803
7.12,0.8,0.7891052344331183,0.8042182141750294,0.7150401293482569
7.13,0.8,0.7890749392530299,0.7882531917218194,0.7874389995282547
7.140000000000001,0.8,0.7929099403575203,0.720058059909012,1.0
7.15,0.8,0.787430672698232,0.8638719550423948,0.4915502190966624
7.16,0.8,0.7912955695582641,0.6714213228912966,1.0
7.17,0.8,0.7909440070839722,0.7767316782361058,0.7719596334722069
7.18,0.8,0.7846501224917205,0.8745900642929378,0.44478035451013326
7.19,0.8,0.7856591936765411,0.778353087747281,0.8401490376568541
7.2,0.8,0.7853923497320221,0.7949420022835515,0.7709827767279936
7.21,0.8,0.7887363604918487,0.7382264921522841,0.9693129415224826
7.22,0.8,0.7848624214523275,0.8430819615370254,0.5756697133181843
7.23,0.8,0.7886749598037583,0.7331575050226488,0.99455203078102
7.24,0.8,0.7876400855818967,0.7988517267335166,0.7317568776013679
7.25,0.8,0.78722265989867,0.7930363114359426,0.7646816730044282
7.26,0.8,0.7899308404108174,0.7451936776799277,0.9361725880667756
7.2700000000000005,0.8,0.787123311291075,0.8254100164751385,0.6355167388249889
7.28,0.8,0.7908839875072726,0.730484990841886,0.993960503181941
7.29,0.8,0.791906544619751,0.7635446061899305,0.8471246286935832
7.3,0.8,0.7911370646709186,0.7907584565031041,0.7495851474339699
7.3100000000000005,0.8,0.7916335001154388,0.7746371568017332,0.8184410141195269
7.32,0.8,0.7898658220215938,0.8103457670999847,0.6944112049539682
7.33,0.8,0.7874416353876661,0.8268280156616793,0.6565355571555657
7.34,0.8,0.7886841413469526,0.7756906848175292,0.855779463148427
7.3500000000000005,0.8,0.7902099851569745,0.767025502632069,0.8726055508981518
7.36,0.8,0.7913079823071875,0.7695308559864233,0.8505998284186868
7.37,0.8,0.7918022698957988,0.7766842245069656,0.8184937996808114
7.38,0.8,0.7892743638861476,0.8241882256835656,0.6527674393649823
7.390000000000001,0.8,0.7900043837811616,0.7805709636242132,0.8294254581119143
7.4,0.8,0.7889714004459685,0.8063099651277429,0.7331903003455432
7.41,0.8,0.7894533060996763,0.7853252894046364,0.8154762113999009
7.42,0.8,0.7917065179880238,0.7556746990831766,0.9133799599587885
7.43,0.8,0.7891134703737671,0.8262553075810549,0.6490888992039038
7.44,0.8,0.7919975897072327,0.7475918200510364,0.9477400337143742
7.45,0.8,0.7915460974460229,0.7922455015755173,0.767165515340694
7.46,0.8,0.7875262011661582,0.8510270516490589,0.5704518020534686
7.47,0.8,0.7910144305881329,0.7438019194828264,0.9793788193747657
7.48,0.8,0.7909856861854642,0.7888068897556821,0.7894334884413515
7.49,0.8,0.7947859464366376,0.7275944422488008,1.0
7.5,0.8,0.7950642399622132,0.7744092955877449,0.8100920903432941
7.51,0.8,0.797895789233799,0.7352802536217183,0.9507994498994332
7.5200000000000005,0.8,0.7973151333307391,0.7834323020804385,0.7659597145655023
7.53,0.8,0.7974938955093949,0.7757832348884401,0.8071470531568069
7.54,0.8,0.7960697916385634,0.8027727600616362,0.7191681826136656
7.55,0.8,0.791430138501661,0.8594418279314209,0.5408888691089331
7.5600000000000005,0.8,0.7912316083352863,0.8027495191663514,0.7805109793510503
7.57,0.8,0.7900570274173191,0.817558586445284,0.7266296578470891
7.58,0.8,0.790882863190797,0.7880289498375699,0.8354779949586053
7.59,0.8,0.7919163994949144,0.7811019185721488,0.8477273599172562
7.6000000000000005,0.8,0.7941456307677625,0.7585571265197666,0.914524119501555
7.61,0.8,0.7978884374810759,0.7221113579304751,1.0
7.62,0.8,0.7963904200723189,0.8006332522170435,0.7154974799994439
7.63,0.8,0.7914595882744557,0.8615553608382207,0.5251946711898452
7.640000000000001,0.8,0.7906936084592066,0.8105115831492845,0.7493306984357538
7.65,0.8,0.7926016170719609,0.7693340501137561,0.8956340821606927
7.66,0.8,0.7884765751459082,0.8585778628172508,0.5657243111390613
7.67,0.8,0.7905793100738508,0.7711716350674409,0.904126996182756
7.68,0.8,0.7925413603187716,0.7658257215913179,0.8984920735444966
7.69,0.8,0.7955024477056178,0.7440335862508395,0.9554011665953117
7.7,0.8,0.7971542952026879,0.7570204103022964,0.8863540600444717
7.71,0.8,0.7967089658798641,0.7872997804198162,0.7726611824473787
7.72,0.8,0.7908273959749437,0.8766697925926694,0.47322262110924396
7.73,0.8,0.7920003280184014,0.7825803474443866,0.8553386583651179
7.74,0.8,0.7949026702730247,0.7507396759623975,0.9516291520226853
7.75,0.8,0.796011294893463,0.7706859250957794,0.8558770243971302
7.76,0.8,0.7959446425552001,0.7870968244632289,0.7923454162890065
7.7700000000000005,0.8,0.7996547399632874,0.7274745655876474,1.0
7.78,0.8,0.7979667464763572,0.8047198774075748,0.7068150981821255
7.79,0.8,0.7953819620436517,0.8259934858993444,0.655803602677555
7.8,0.8,0.7944505897107906,0.8082144516838535,0.7441564837362888
7.8100000000000005,0.8,0.7930328204836196,0.8184798957414172,0.7164732822163806
7.82,0.8,0.796699819783051,0.7414509387594878,0.9947177819523523
7.83,0.8,0.8003961866960865,0.7287561436771834,1.0
7.84,0.8,0.7958001177526091,0.8518191705050838,0.5476123948048287
7.8500000000000005,0.8,0.7929187701762053,0.8395733712022877,0.6373260010504023
7.86,0.8,0.7966838834457288,0.73130819188027,1.0
7.87,0.8,0.7956197870378189,0.8049391497704242,0.7381585810106803
7.88,0.8,0.7953168952036784,0.7966409018367848,0.7789607361600912
7.890000000000001,0.8,0.7937902698940621,0.8171123470719174,0.7113525031747775
7.9,0.8,0.7934797271854747,0.8021337183784453,0.7767104209217506
7.91,0.8,0.7950021412525661,0.7733944510019445,0.877212500875502
7.92,0.8,0.7943668724805608,0.8028124067782819,0.760062358792274
7.930000000000001,0.8,0.7939893771320652,0.8006487477472892,0.7736046283133035
7.94,0.8,0.794213436447537,0.7920442718917148,0.806312639483011
7.95,0.8,0.797955010330309,0.72011669122666,1.0
7.96,0.8,0.8016285555970307,0.6781469694326878,1.0
7.97,0.8,0.8012628029679122,0.7700210038600915,0.7815121609955119
7.98,0.8,0.8033825375167475,0.735871942643416,0.9178482031538524
7.99,0.8,0.8004485239065098,0.8134850192266594,0.6420117889536762
8.0,0.8,0.7972730245020975,0.8290923926068184,0.6257960566638308
