time_s,scan_period_s,conveyor_motor,motor_feedback,state,mode,fault_id
0.0,0.05,False,False,IDLE,AUTOMATIC,
0.05,0.05,False,False,IDLE,AUTOMATIC,
0.1,0.05,False,False,IDLE,AUTOMATIC,
0.15,0.05,False,False,IDLE,AUTOMATIC,
0.2,0.05,True,False,STARTUP,AUTOMATIC,
0.25,0.05,True,False,STARTUP,AUTOMATIC,
0.3,0.05,True,True,CONVEYING,AUTOMATIC,
0.35,0.05,True,True,CONVEYING,AUTOMATIC,
0.4,0.05,True,True,CONVEYING,AUTOMATIC,
0.45,0.05,True,True,CONVEYING,AUTOMATIC,
0.5,0.05,True,True,CONVEYING,AUTOMATIC,
0.55,0.05,True,True,CONVEYING,AUTOMATIC,
0.6,0.05,True,True,CONVEYING,AUTOMATIC,
0.65,0.05,True,True,CONVEYING,AUTOMATIC,
0.7,0.05,True,True,CONVEYING,AUTOMATIC,
0.75,0.05,True,True,CONVEYING,AUTOMATIC,
0.8,0.05,True,True,CONVEYING,AUTOMATIC,
0.85,0.05,True,True,CONVEYING,AUTOMATIC,
0.9,0.05,True,True,CONVEYING,AUTOMATIC,
0.95,0.05,True,True,CONVEYING,AUTOMATIC,
1.0,0.05,True,True,CONVEYING,AUTOMATIC,
1.05,0.05,True,True,PRODUCT_DETECTED,AUTOMATIC,
1.1,0.05,True,True,PRODUCT_DETECTED,AUTOMATIC,
1.15,0.05,True,True,PRODUCT_DETECTED,AUTOMATIC,
1.2,0.05,True,True,PRODUCT_DETECTED,AUTOMATIC,
1.25,0.05,True,True,PRODUCT_DETECTED,AUTOMATIC,
1.3,0.05,True,True,PRODUCT_DETECTED,AUTOMATIC,
1.35,0.05,True,True,PRODUCT_DETECTED,AUTOMATIC,
1.4,0.05,True,True,PRODUCT_DETECTED,AUTOMATIC,
1.45,0.05,True,True,PRODUCT_DETECTED,AUTOMATIC,
1.5,0.05,True,True,PRODUCT_DETECTED,AUTOMATIC,
1.55,0.05,True,True,PRODUCT_DETECTED,AUTOMATIC,
1.6,0.05,True,True,PRODUCT_DETECTED,AUTOMATIC,
1.65,0.05,True,True,PRODUCT_DETECTED,AUTOMATIC,
1.7,0.05,True,True,PRODUCT_DETECTED,AUTOMATIC,
1.75,0.05,True,True,PRODUCT_DETECTED,AUTOMATIC,
1.8,0.05,True,True,PRODUCT_DETECTED,AUTOMATIC,
1.85,0.05,True,True,PRODUCT_DETECTED,AUTOMATIC,
1.9,0.05,True,True,PRODUCT_DETECTED,AUTOMATIC,
1.95,0.05,True,True,PRODUCT_DETECTED,AUTOMATIC,
2.0,0.05,True,True,PRODUCT_DETECTED,AUTOMATIC,
2.05,0.05,True,True,PRODUCT_DETECTED,AUTOMATIC,
2.1,0.05,True,True,PRODUCT_DETECTED,AUTOMATIC,
2.15,0.05,True,True,PRODUCT_DETECTED,AUTOMATIC,
2.2,0.05,True,True,PRODUCT_DETECTED,AUTOMATIC,
2.25,0.05,True,True,PRODUCT_DETECTED,AUTOMATIC,
2.3,0.05,True,True,PRODUCT_DETECTED,AUTOMATIC,
2.35,0.05,True,True,PRODUCT_DETECTED,AUTOMATIC,
2.4,0.05,True,True,PRODUCT_DETECTED,AUTOMATIC,
2.45,0.05,True,True,PRODUCT_DETECTED,AUTOMATIC,
2.5,0.05,True,True,PRODUCT_DETECTED,AUTOMATIC,
2.55,0.05,True,True,PRODUCT_DETECTED,AUTOMATIC,
2.6,0.05,True,True,PRODUCT_DETECTED,AUTOMATIC,
2.65,0.05,True,True,PRODUCT_DETECTED,AUTOMATIC,
2.7,0.05,True,True,PRODUCT_DETECTED,AUTOMATIC,
2.75,0.05,True,True,PRODUCT_DETECTED,AUTOMATIC,
2.8,0.05,True,True,PRODUCT_DETECTED,AUTOMATIC,
2.85,0.05,True,True,PRODUCT_DETECTED,AUTOMATIC,
2.9,0.05,True,True,PRODUCT_DETECTED,AUTOMATIC,
2.95,0.05,True,True,PRODUCT_DETECTED,AUTOMATIC,
3.0,0.05,True,True,PRODUCT_DETECTED,AUTOMATIC,
3.05,0.05,True,True,PRODUCT_DETECTED,AUTOMATIC,
3.1,0.05,True,True,PRODUCT_DETECTED,AUTOMATIC,
3.15,0.05,True,True,PRODUCT_DETECTED,AUTOMATIC,
3.2,0.05,True,True,PRODUCT_DETECTED,AUTOMATIC,
3.25,0.05,True,True,PRODUCT_DETECTED,AUTOMATIC,
3.3,0.05,True,True,PRODUCT_DETECTED,AUTOMATIC,
3.35,0.05,True,True,PRODUCT_DETECTED,AUTOMATIC,
3.4,0.05,True,True,PRODUCT_DETECTED,AUTOMATIC,
3.45,0.05,True,True,PRODUCT_DETECTED,AUTOMATIC,
3.5,0.05,True,True,PRODUCT_DETECTED,AUTOMATIC,
3.55,0.05,True,True,PRODUCT_DETECTED,AUTOMATIC,
3.6,0.05,True,True,PRODUCT_DETECTED,AUTOMATIC,
3.65,0.05,True,True,PRODUCT_DETECTED,AUTOMATIC,
3.7,0.05,True,True,PRODUCT_DETECTED,AUTOMATIC,
3.75,0.05,True,True,PRODUCT_DETECTED,AUTOMATIC,
3.8,0.05,True,True,PRODUCT_DETECTED,AUTOMATIC,
3.85,0.05,True,True,PRODUCT_DETECTED,AUTOMATIC,
3.9,0.05,True,True,PRODUCT_DETECTED,AUTOMATIC,
3.95,0.05,True,True,PRODUCT_DETECTED,AUTOMATIC,
4.0,0.05,True,True,PRODUCT_DETECTED,AUTOMATIC,
4.05,0.05,True,True,PRODUCT_DETECTED,AUTOMATIC,
4.1,0.05,True,True,PRODUCT_DETECTED,AUTOMATIC,
4.15,0.05,True,True,PRODUCT_DETECTED,AUTOMATIC,
4.2,0.05,True,True,PRODUCT_DETECTED,AUTOMATIC,
4.25,0.05,True,True,PRODUCT_DETECTED,AUTOMATIC,
4.3,0.05,True,True,PRODUCT_DETECTED,AUTOMATIC,
4.35,0.05,True,True,PRODUCT_DETECTED,AUTOMATIC,
4.4,0.05,True,True,PRODUCT_DETECTED,AUTOMATIC,
4.45,0.05,True,True,PRODUCT_DETECTED,AUTOMATIC,
4.5,0.05,True,True,PRODUCT_DETECTED,AUTOMATIC,
4.55,0.05,True,True,PRODUCT_DETECTED,AUTOMATIC,
4.6,0.05,True,True,PRODUCT_DETECTED,AUTOMATIC,
4.65,0.05,True,True,PRODUCT_DETECTED,AUTOMATIC,
4.7,0.05,True,True,PRODUCT_DETECTED,AUTOMATIC,
4.75,0.05,True,True,PRODUCT_DETECTED,AUTOMATIC,
4.8,0.05,True,True,PRODUCT_DETECTED,AUTOMATIC,
4.85,0.05,True,True,PRODUCT_DETECTED,AUTOMATIC,
4.9,0.05,True,True,PRODUCT_DETECTED,AUTOMATIC,
4.95,0.05,True,True,PRODUCT_DETECTED,AUTOMATIC,
5.0,0.05,True,True,PRODUCT_DETECTED,AUTOMATIC,
5.05,0.05,True,True,PRODUCT_DETECTED,AUTOMATIC,
5.1,0.05,True,True,PRODUCT_DETECTED,AUTOMATIC,
5.15,0.05,True,True,PRODUCT_DETECTED,AUTOMATIC,
5.2,0.05,True,True,PRODUCT_DETECTED,AUTOMATIC,
5.25,0.05,True,True,PRODUCT_DETECTED,AUTOMATIC,
5.3,0.05,True,True,PRODUCT_DETECTED,AUTOMATIC,
5.35,0.05,True,True,PRODUCT_DETECTED,AUTOMATIC,
5.4,0.05,True,True,PRODUCT_DETECTED,AUTOMATIC,
5.45,0.05,True,True,PRODUCT_DETECTED,AUTOMATIC,
5.5,0.05,True,True,PRODUCT_DETECTED,AUTOMATIC,
5.55,0.05,True,True,PRODUCT_DETECTED,AUTOMATIC,
5.6,0.05,True,True,PRODUCT_DETECTED,AUTOMATIC,
5.65,0.05,True,True,PRODUCT_DETECTED,AUTOMATIC,
5.7,0.05,True,True,PRODUCT_DETECTED,AUTOMATIC,
5.75,0.05,True,True,PRODUCT_DETECTED,AUTOMATIC,
5.8,0.05,True,True,PRODUCT_DETECTED,AUTOMATIC,
5.85,0.05,True,True,PRODUCT_DETECTED,AUTOMATIC,
5.9,0.05,True,True,PRODUCT_DETECTED,AUTOMATIC,
5.95,0.05,True,True,PRODUCT_DETECTED,AUTOMATIC,
6.0,0.05,True,True,PRODUCT_DETECTED,AUTOMATIC,
6.05,0.05,True,True,PRODUCT_DETECTED,AUTOMATIC,
6.1,0.05,True,True,PRODUCT_DETECTED,AUTOMATIC,
6.15,0.05,True,True,PRODUCT_DETECTED,AUTOMATIC,
6.2,0.05,True,True,PRODUCT_DETECTED,AUTOMATIC,
6.25,0.05,True,True,PRODUCT_DETECTED,AUTOMATIC,
6.3,0.05,True,True,PRODUCT_DETECTED,AUTOMATIC,
6.35,0.05,True,True,PRODUCT_DETECTED,AUTOMATIC,
6.4,0.05,True,True,PRODUCT_DETECTED,AUTOMATIC,
6.45,0.05,True,True,PRODUCT_DETECTED,AUTOMATIC,
6.5,0.05,True,True,PRODUCT_DETECTED,AUTOMATIC,
6.55,0.05,True,True,PRODUCT_DETECTED,AUTOMATIC,
6.6,0.05,True,True,PRODUCT_DETECTED,AUTOMATIC,
6.65,0.05,True,True,PRODUCT_DETECTED,AUTOMATIC,
6.7,0.05,True,True,PRODUCT_DETECTED,AUTOMATIC,
6.75,0.05,True,True,PRODUCT_DETECTED,AUTOMATIC,
6.8,0.05,True,True,PRODUCT_DETECTED,AUTOMATIC,
6.85,0.05,True,True,PRODUCT_DETECTED,AUTOMATIC,
6.9,0.05,True,True,PRODUCT_DETECTED,AUTOMATIC,
6.95,0.05,True,True,PRODUCT_DETECTED,AUTOMATIC,
7.0,0.05,True,True,PRODUCT_DETECTED,AUTOMATIC,
7.05,0.05,True,True,PRODUCT_DETECTED,AUTOMATIC,
7.1,0.05,True,True,PRODUCT_DETECTED,AUTOMATIC,
7.15,0.05,True,True,PRODUCT_DETECTED,AUTOMATIC,
7.2,0.05,True,True,PRODUCT_DETECTED,AUTOMATIC,
7.25,0.05,True,True,PRODUCT_DETECTED,AUTOMATIC,
7.3,0.05,True,True,PRODUCT_DETECTED,AUTOMATIC,
7.35,0.05,True,True,PRODUCT_DETECTED,AUTOMATIC,
7.4,0.05,True,True,PRODUCT_DETECTED,AUTOMATIC,
7.45,0.05,True,True,PRODUCT_DETECTED,AUTOMATIC,
7.5,0.05,True,True,PRODUCT_DETECTED,AUTOMATIC,
7.55,0.05,True,True,PRODUCT_DETECTED,AUTOMATIC,
7.6,0.05,True,True,PRODUCT_DETECTED,AUTOMATIC,
7.65,0.05,True,True,PRODUCT_DETECTED,AUTOMATIC,
7.7,0.05,True,True,PRODUCT_DETECTED,AUTOMATIC,
7.75,0.05,True,True,PRODUCT_DETECTED,AUTOMATIC,
7.8,0.05,True,True,PRODUCT_DETECTED,AUTOMATIC,
7.85,0.05,True,True,PRODUCT_DETECTED,AUTOMATIC,
7.9,0.05,True,True,PRODUCT_DETECTED,AUTOMATIC,
7.95,0.05,True,True,PRODUCT_DETECTED,AUTOMATIC,
8.0,0.05,True,True,PRODUCT_DETECTED,AUTOMATIC,
8.05,0.05,True,True,POSITIONING,AUTOMATIC,
8.1,0.05,True,True,SORTING,AUTOMATIC,
8.15,0.05,True,True,SORTING,AUTOMATIC,
8.2,0.05,True,True,SORTING,AUTOMATIC,
8.25,0.05,True,True,SORTING,AUTOMATIC,
8.3,0.05,True,True,SORTING,AUTOMATIC,
8.35,0.05,True,True,SORTING,AUTOMATIC,
8.4,0.05,True,True,SORTING,AUTOMATIC,
8.45,0.05,True,True,SORTING,AUTOMATIC,
8.5,0.05,True,True,SORTING,AUTOMATIC,
8.55,0.05,True,True,SORTING,AUTOMATIC,
8.6,0.05,True,True,SORTING,AUTOMATIC,
8.65,0.05,True,True,SORTING,AUTOMATIC,
8.7,0.05,True,True,SORTING,AUTOMATIC,
8.75,0.05,True,True,SORTING,AUTOMATIC,
8.8,0.05,True,True,SORTING,AUTOMATIC,
8.85,0.05,True,True,SORTING,AUTOMATIC,
8.9,0.05,True,True,SORTING,AUTOMATIC,
8.95,0.05,True,True,SORTING,AUTOMATIC,
9.0,0.05,True,True,SORTING,AUTOMATIC,
9.05,0.05,True,True,SORTING,AUTOMATIC,
9.1,0.05,True,True,SORTING,AUTOMATIC,
9.15,0.05,True,True,SORTING,AUTOMATIC,
9.2,0.05,True,True,SORTING,AUTOMATIC,
9.25,0.05,True,True,SORTING,AUTOMATIC,
9.3,0.05,True,True,SORTING,AUTOMATIC,
9.35,0.05,True,True,SORTING,AUTOMATIC,
9.4,0.05,True,True,SORTING,AUTOMATIC,
9.45,0.05,True,True,SORTING,AUTOMATIC,
9.5,0.05,True,True,SORTING,AUTOMATIC,
9.55,0.05,True,True,SORTING,AUTOMATIC,
9.6,0.05,True,True,SORTING,AUTOMATIC,
9.65,0.05,True,True,SORTING,AUTOMATIC,
9.7,0.05,True,True,SORTING,AUTOMATIC,
9.75,0.05,True,True,SORTING,AUTOMATIC,
9.8,0.05,True,True,SORTING,AUTOMATIC,
9.85,0.05,True,True,SORTING,AUTOMATIC,
9.9,0.05,True,True,SORTING,AUTOMATIC,
9.95,0.05,True,True,SORTING,AUTOMATIC,
10.0,0.05,True,True,SORTING,AUTOMATIC,
10.05,0.05,True,True,SORTING,AUTOMATIC,
10.1,0.05,True,True,SORTING,AUTOMATIC,
10.15,0.05,True,True,SORTING,AUTOMATIC,
10.2,0.05,True,True,SORTING,AUTOMATIC,
10.25,0.05,True,True,SORTING,AUTOMATIC,
10.3,0.05,True,True,SORTING,AUTOMATIC,
10.35,0.05,True,True,SORTING,AUTOMATIC,
10.4,0.05,True,True,SORTING,AUTOMATIC,
10.45,0.05,True,True,SORTING,AUTOMATIC,
10.5,0.05,True,True,SORTING,AUTOMATIC,
10.55,0.05,True,True,SORTING,AUTOMATIC,
10.6,0.05,True,True,SORTING,AUTOMATIC,
10.65,0.05,True,True,SORTING,AUTOMATIC,
10.7,0.05,True,True,SORTING,AUTOMATIC,
10.75,0.05,True,True,SORTING,AUTOMATIC,
10.8,0.05,True,True,SORTING,AUTOMATIC,
10.85,0.05,True,True,SORTING,AUTOMATIC,
10.9,0.05,True,True,SORTING,AUTOMATIC,
10.95,0.05,True,True,SORTING,AUTOMATIC,
11.0,0.05,True,True,SORTING,AUTOMATIC,
11.05,0.05,True,True,SORTING,AUTOMATIC,
11.1,0.05,True,True,SORTING,AUTOMATIC,
11.15,0.05,True,True,SORTING,AUTOMATIC,
11.2,0.05,True,True,SORTING,AUTOMATIC,
11.25,0.05,True,True,SORTING,AUTOMATIC,
11.3,0.05,True,True,SORTING,AUTOMATIC,
11.35,0.05,True,True,SORTING,AUTOMATIC,
11.4,0.05,True,True,SORTING,AUTOMATIC,
11.45,0.05,True,True,SORTING,AUTOMATIC,
11.5,0.05,True,True,SORTING,AUTOMATIC,
11.55,0.05,True,True,SORTING,AUTOMATIC,
11.6,0.05,True,True,SORTING,AUTOMATIC,
11.65,0.05,True,True,SORTING,AUTOMATIC,
11.7,0.05,True,True,SORTING,AUTOMATIC,
11.75,0.05,True,True,SORTING,AUTOMATIC,
11.8,0.05,True,True,SORTING,AUTOMATIC,
11.85,0.05,True,True,SORTING,AUTOMATIC,
11.9,0.05,True,True,SORTING,AUTOMATIC,
11.95,0.05,True,True,SORTING,AUTOMATIC,
12.0,0.05,True,True,SORTING,AUTOMATIC,
12.05,0.05,True,True,SORTING,AUTOMATIC,
12.1,0.05,True,True,SORTING,AUTOMATIC,
12.15,0.05,True,True,SORTING,AUTOMATIC,
12.2,0.05,True,True,SORTING,AUTOMATIC,
12.25,0.05,True,True,SORTING,AUTOMATIC,
12.3,0.05,True,True,SORTING,AUTOMATIC,
12.35,0.05,True,True,SORTING,AUTOMATIC,
12.4,0.05,True,True,SORTING,AUTOMATIC,
12.45,0.05,True,True,SORTING,AUTOMATIC,
12.5,0.05,True,True,SORTING,AUTOMATIC,
12.55,0.05,True,True,SORTING,AUTOMATIC,
12.6,0.05,True,True,SORTING,AUTOMATIC,
12.65,0.05,True,True,SORTING,AUTOMATIC,
12.7,0.05,True,True,PRODUCT_EXIT,AUTOMATIC,
12.75,0.05,True,True,PRODUCT_EXIT,AUTOMATIC,
12.8,0.05,True,True,PRODUCT_EXIT,AUTOMATIC,
12.85,0.05,True,True,PRODUCT_EXIT,AUTOMATIC,
12.9,0.05,True,True,PRODUCT_EXIT,AUTOMATIC,
12.95,0.05,True,True,CONVEYING,AUTOMATIC,
13.0,0.05,True,True,CONVEYING,AUTOMATIC,
13.05,0.05,True,True,CONVEYING,AUTOMATIC,
13.1,0.05,True,True,CONVEYING,AUTOMATIC,
13.15,0.05,True,True,CONVEYING,AUTOMATIC,
13.2,0.05,True,True,CONVEYING,AUTOMATIC,
13.25,0.05,True,True,CONVEYING,AUTOMATIC,
13.3,0.05,True,True,CONVEYING,AUTOMATIC,
13.35,0.05,True,True,CONVEYING,AUTOMATIC,
13.4,0.05,True,True,CONVEYING,AUTOMATIC,
13.45,0.05,True,True,CONVEYING,AUTOMATIC,
13.5,0.05,True,True,CONVEYING,AUTOMATIC,
13.55,0.05,True,True,CONVEYING,AUTOMATIC,
13.6,0.05,True,True,CONVEYING,AUTOMATIC,
13.65,0.05,True,True,CONVEYING,AUTOMATIC,
13.7,0.05,True,True,CONVEYING,AUTOMATIC,
13.75,0.05,True,True,CONVEYING,AUTOMATIC,
13.8,0.05,True,True,CONVEYING,AUTOMATIC,
13.85,0.05,True,True,CONVEYING,AUTOMATIC,
13.9,0.05,True,True,CONVEYING,AUTOMATIC,
13.95,0.05,True,True,CONVEYING,AUTOMATIC,
14.0,0.05,True,True,CONVEYING,AUTOMATIC,
14.05,0.05,True,True,CONVEYING,AUTOMATIC,
14.1,0.05,True,True,CONVEYING,AUTOMATIC,
14.15,0.05,True,True,CONVEYING,AUTOMATIC,
14.2,0.05,True,True,CONVEYING,AUTOMATIC,
14.25,0.05,True,True,CONVEYING,AUTOMATIC,
14.3,0.05,True,True,CONVEYING,AUTOMATIC,
14.35,0.05,True,True,CONVEYING,AUTOMATIC,
14.4,0.05,True,True,CONVEYING,AUTOMATIC,
14.45,0.05,True,True,CONVEYING,AUTOMATIC,
14.5,0.05,True,True,CONVEYING,AUTOMATIC,
14.55,0.05,True,True,CONVEYING,AUTOMATIC,
14.6,0.05,True,True,CONVEYING,AUTOMATIC,
14.65,0.05,True,True,CONVEYING,AUTOMATIC,
14.7,0.05,True,True,CONVEYING,AUTOMATIC,
14.75,0.05,True,True,CONVEYING,AUTOMATIC,
14.8,0.05,True,True,CONVEYING,AUTOMATIC,
14.85,0.05,True,True,CONVEYING,AUTOMATIC,
14.9,0.05,True,True,CONVEYING,AUTOMATIC,
14.95,0.05,True,True,CONVEYING,AUTOMATIC,
15.0,0.05,True,True,CONVEYING,AUTOMATIC,
15.05,0.05,True,True,PRODUCT_DETECTED,AUTOMATIC,
15.1,0.05,True,True,PRODUCT_DETECTED,AUTOMATIC,
15.15,0.05,True,True,PRODUCT_DETECTED,AUTOMATIC,
15.2,0.05,True,True,PRODUCT_DETECTED,AUTOMATIC,
15.25,0.05,True,True,PRODUCT_DETECTED,AUTOMATIC,
15.3,0.05,True,True,PRODUCT_DETECTED,AUTOMATIC,
15.35,0.05,True,True,PRODUCT_DETECTED,AUTOMATIC,
15.4,0.05,True,True,PRODUCT_DETECTED,AUTOMATIC,
15.45,0.05,True,True,PRODUCT_DETECTED,AUTOMATIC,
15.5,0.05,True,True,PRODUCT_DETECTED,AUTOMATIC,
15.55,0.05,True,True,PRODUCT_DETECTED,AUTOMATIC,
15.6,0.05,True,True,PRODUCT_DETECTED,AUTOMATIC,
15.65,0.05,True,True,PRODUCT_DETECTED,AUTOMATIC,
15.7,0.05,True,True,PRODUCT_DETECTED,AUTOMATIC,
15.75,0.05,True,True,PRODUCT_DETECTED,AUTOMATIC,
15.8,0.05,True,True,PRODUCT_DETECTED,AUTOMATIC,
15.85,0.05,True,True,PRODUCT_DETECTED,AUTOMATIC,
15.9,0.05,True,True,PRODUCT_DETECTED,AUTOMATIC,
15.95,0.05,True,True,PRODUCT_DETECTED,AUTOMATIC,
16.0,0.05,True,True,PRODUCT_DETECTED,AUTOMATIC,
16.05,0.05,True,True,PRODUCT_DETECTED,AUTOMATIC,
16.1,0.05,True,True,PRODUCT_DETECTED,AUTOMATIC,
16.15,0.05,True,True,PRODUCT_DETECTED,AUTOMATIC,
16.2,0.05,True,True,PRODUCT_DETECTED,AUTOMATIC,
16.25,0.05,True,True,PRODUCT_DETECTED,AUTOMATIC,
16.3,0.05,True,True,PRODUCT_DETECTED,AUTOMATIC,
16.35,0.05,True,True,PRODUCT_DETECTED,AUTOMATIC,
16.4,0.05,True,True,PRODUCT_DETECTED,AUTOMATIC,
16.45,0.05,True,True,PRODUCT_DETECTED,AUTOMATIC,
16.5,0.05,True,True,PRODUCT_DETECTED,AUTOMATIC,
16.55,0.05,True,True,PRODUCT_DETECTED,AUTOMATIC,
16.6,0.05,True,True,PRODUCT_DETECTED,AUTOMATIC,
16.65,0.05,True,True,PRODUCT_DETECTED,AUTOMATIC,
16.7,0.05,True,True,PRODUCT_DETECTED,AUTOMATIC,
16.75,0.05,True,True,PRODUCT_DETECTED,AUTOMATIC,
16.8,0.05,True,True,PRODUCT_DETECTED,AUTOMATIC,
16.85,0.05,True,True,PRODUCT_DETECTED,AUTOMATIC,
16.9,0.05,True,True,PRODUCT_DETECTED,AUTOMATIC,
16.95,0.05,True,True,PRODUCT_DETECTED,AUTOMATIC,
17.0,0.05,True,True,PRODUCT_DETECTED,AUTOMATIC,
17.05,0.05,True,True,PRODUCT_DETECTED,AUTOMATIC,
17.1,0.05,True,True,PRODUCT_DETECTED,AUTOMATIC,
17.15,0.05,True,True,PRODUCT_DETECTED,AUTOMATIC,
17.2,0.05,True,True,PRODUCT_DETECTED,AUTOMATIC,
17.25,0.05,True,True,PRODUCT_DETECTED,AUTOMATIC,
17.3,0.05,True,True,PRODUCT_DETECTED,AUTOMATIC,
17.35,0.05,True,True,PRODUCT_DETECTED,AUTOMATIC,
17.4,0.05,True,True,PRODUCT_DETECTED,AUTOMATIC,
17.45,0.05,True,True,PRODUCT_DETECTED,AUTOMATIC,
17.5,0.05,True,True,PRODUCT_DETECTED,AUTOMATIC,
17.55,0.05,True,True,PRODUCT_DETECTED,AUTOMATIC,
17.6,0.05,True,True,PRODUCT_DETECTED,AUTOMATIC,
17.65,0.05,True,True,PRODUCT_DETECTED,AUTOMATIC,
17.7,0.05,True,True,PRODUCT_DETECTED,AUTOMATIC,
17.75,0.05,True,True,PRODUCT_DETECTED,AUTOMATIC,
17.8,0.05,True,True,PRODUCT_DETECTED,AUTOMATIC,
17.85,0.05,True,True,PRODUCT_DETECTED,AUTOMATIC,
17.9,0.05,True,True,PRODUCT_DETECTED,AUTOMATIC,
17.95,0.05,True,True,PRODUCT_DETECTED,AUTOMATIC,
18.0,0.05,True,True,PRODUCT_DETECTED,AUTOMATIC,
18.05,0.05,True,True,PRODUCT_DETECTED,AUTOMATIC,
18.1,0.05,True,True,PRODUCT_DETECTED,AUTOMATIC,
18.15,0.05,True,True,PRODUCT_DETECTED,AUTOMATIC,
18.2,0.05,True,True,PRODUCT_DETECTED,AUTOMATIC,
18.25,0.05,True,True,PRODUCT_DETECTED,AUTOMATIC,
18.3,0.05,True,True,PRODUCT_DETECTED,AUTOMATIC,
18.35,0.05,True,True,PRODUCT_DETECTED,AUTOMATIC,
18.4,0.05,True,True,PRODUCT_DETECTED,AUTOMATIC,
18.45,0.05,True,True,PRODUCT_DETECTED,AUTOMATIC,
18.5,0.05,True,True,PRODUCT_DETECTED,AUTOMATIC,
18.55,0.05,True,True,PRODUCT_DETECTED,AUTOMATIC,
18.6,0.05,True,True,PRODUCT_DETECTED,AUTOMATIC,
18.65,0.05,True,True,PRODUCT_DETECTED,AUTOMATIC,
18.7,0.05,True,True,PRODUCT_DETECTED,AUTOMATIC,
18.75,0.05,True,True,PRODUCT_DETECTED,AUTOMATIC,
18.8,0.05,True,True,PRODUCT_DETECTED,AUTOMATIC,
18.85,0.05,True,True,PRODUCT_DETECTED,AUTOMATIC,
18.9,0.05,True,True,PRODUCT_DETECTED,AUTOMATIC,
18.95,0.05,True,True,PRODUCT_DETECTED,AUTOMATIC,
19.0,0.05,True,True,PRODUCT_DETECTED,AUTOMATIC,
19.05,0.05,True,True,PRODUCT_DETECTED,AUTOMATIC,
19.1,0.05,True,True,PRODUCT_DETECTED,AUTOMATIC,
19.15,0.05,True,True,PRODUCT_DETECTED,AUTOMATIC,
19.2,0.05,True,True,PRODUCT_DETECTED,AUTOMATIC,
19.25,0.05,True,True,PRODUCT_DETECTED,AUTOMATIC,
19.3,0.05,True,True,PRODUCT_DETECTED,AUTOMATIC,
19.35,0.05,True,True,PRODUCT_DETECTED,AUTOMATIC,
19.4,0.05,True,True,PRODUCT_DETECTED,AUTOMATIC,
19.45,0.05,True,True,PRODUCT_DETECTED,AUTOMATIC,
19.5,0.05,True,True,PRODUCT_DETECTED,AUTOMATIC,
19.55,0.05,True,True,PRODUCT_DETECTED,AUTOMATIC,
19.6,0.05,True,True,PRODUCT_DETECTED,AUTOMATIC,
19.65,0.05,True,True,PRODUCT_DETECTED,AUTOMATIC,
19.7,0.05,True,True,PRODUCT_DETECTED,AUTOMATIC,
19.75,0.05,True,True,PRODUCT_DETECTED,AUTOMATIC,
19.8,0.05,True,True,PRODUCT_DETECTED,AUTOMATIC,
19.85,0.05,True,True,PRODUCT_DETECTED,AUTOMATIC,
19.9,0.05,True,True,PRODUCT_DETECTED,AUTOMATIC,
19.95,0.05,True,True,PRODUCT_DETECTED,AUTOMATIC,
20.0,0.05,True,True,PRODUCT_DETECTED,AUTOMATIC,
20.05,0.05,True,True,PRODUCT_DETECTED,AUTOMATIC,
20.1,0.05,True,True,PRODUCT_DETECTED,AUTOMATIC,
20.15,0.05,True,True,PRODUCT_DETECTED,AUTOMATIC,
20.2,0.05,True,True,PRODUCT_DETECTED,AUTOMATIC,
20.25,0.05,True,True,PRODUCT_DETECTED,AUTOMATIC,
20.3,0.05,True,True,PRODUCT_DETECTED,AUTOMATIC,
20.35,0.05,True,True,PRODUCT_DETECTED,AUTOMATIC,
20.4,0.05,True,True,PRODUCT_DETECTED,AUTOMATIC,
20.45,0.05,True,True,PRODUCT_DETECTED,AUTOMATIC,
20.5,0.05,True,True,PRODUCT_DETECTED,AUTOMATIC,
20.55,0.05,True,True,PRODUCT_DETECTED,AUTOMATIC,
20.6,0.05,True,True,PRODUCT_DETECTED,AUTOMATIC,
20.65,0.05,True,True,PRODUCT_DETECTED,AUTOMATIC,
20.7,0.05,True,True,PRODUCT_DETECTED,AUTOMATIC,
20.75,0.05,True,True,PRODUCT_DETECTED,AUTOMATIC,
20.8,0.05,True,True,PRODUCT_DETECTED,AUTOMATIC,
20.85,0.05,True,True,PRODUCT_DETECTED,AUTOMATIC,
20.9,0.05,True,True,PRODUCT_DETECTED,AUTOMATIC,
20.95,0.05,True,True,PRODUCT_DETECTED,AUTOMATIC,
21.0,0.05,True,True,PRODUCT_DETECTED,AUTOMATIC,
21.05,0.05,True,True,PRODUCT_DETECTED,AUTOMATIC,
21.1,0.05,True,True,PRODUCT_DETECTED,AUTOMATIC,
21.15,0.05,True,True,PRODUCT_DETECTED,AUTOMATIC,
21.2,0.05,True,True,PRODUCT_DETECTED,AUTOMATIC,
21.25,0.05,True,True,PRODUCT_DETECTED,AUTOMATIC,
21.3,0.05,True,True,PRODUCT_DETECTED,AUTOMATIC,
21.35,0.05,True,True,PRODUCT_DETECTED,AUTOMATIC,
21.4,0.05,True,True,PRODUCT_DETECTED,AUTOMATIC,
21.45,0.05,True,True,PRODUCT_DETECTED,AUTOMATIC,
21.5,0.05,True,True,PRODUCT_DETECTED,AUTOMATIC,
21.55,0.05,True,True,PRODUCT_DETECTED,AUTOMATIC,
21.6,0.05,True,True,PRODUCT_DETECTED,AUTOMATIC,
21.65,0.05,True,True,PRODUCT_DETECTED,AUTOMATIC,
21.7,0.05,True,True,PRODUCT_DETECTED,AUTOMATIC,
21.75,0.05,True,True,PRODUCT_DETECTED,AUTOMATIC,
21.8,0.05,True,True,PRODUCT_DETECTED,AUTOMATIC,
21.85,0.05,True,True,PRODUCT_DETECTED,AUTOMATIC,
21.9,0.05,True,True,PRODUCT_DETECTED,AUTOMATIC,
21.95,0.05,True,True,PRODUCT_DETECTED,AUTOMATIC,
22.0,0.05,True,True,POSITIONING,AUTOMATIC,
22.05,0.05,True,True,POSITIONING,AUTOMATIC,
22.1,0.05,True,True,POSITIONING,AUTOMATIC,
22.15,0.05,True,True,POSITIONING,AUTOMATIC,
22.2,0.05,True,True,POSITIONING,AUTOMATIC,
22.25,0.05,True,True,POSITIONING,AUTOMATIC,
22.3,0.05,True,True,POSITIONING,AUTOMATIC,
22.35,0.05,True,True,POSITIONING,AUTOMATIC,
22.4,0.05,True,True,POSITIONING,AUTOMATIC,
22.45,0.05,True,True,POSITIONING,AUTOMATIC,
22.5,0.05,True,True,POSITIONING,AUTOMATIC,
22.55,0.05,True,True,POSITIONING,AUTOMATIC,
22.6,0.05,True,True,POSITIONING,AUTOMATIC,
22.65,0.05,True,True,POSITIONING,AUTOMATIC,
22.7,0.05,True,True,POSITIONING,AUTOMATIC,
22.75,0.05,True,True,POSITIONING,AUTOMATIC,
22.8,0.05,True,True,POSITIONING,AUTOMATIC,
22.85,0.05,True,True,POSITIONING,AUTOMATIC,
22.9,0.05,True,True,POSITIONING,AUTOMATIC,
22.95,0.05,True,True,POSITIONING,AUTOMATIC,
23.0,0.05,True,True,POSITIONING,AUTOMATIC,
23.05,0.05,True,True,POSITIONING,AUTOMATIC,
23.1,0.05,True,True,POSITIONING,AUTOMATIC,
23.15,0.05,True,True,POSITIONING,AUTOMATIC,
23.2,0.05,True,True,POSITIONING,AUTOMATIC,
23.25,0.05,True,True,POSITIONING,AUTOMATIC,
23.3,0.05,True,True,POSITIONING,AUTOMATIC,
23.35,0.05,True,True,POSITIONING,AUTOMATIC,
23.4,0.05,True,True,POSITIONING,AUTOMATIC,
23.45,0.05,True,True,POSITIONING,AUTOMATIC,
23.5,0.05,True,True,POSITIONING,AUTOMATIC,
23.55,0.05,True,True,POSITIONING,AUTOMATIC,
23.6,0.05,True,True,POSITIONING,AUTOMATIC,
23.65,0.05,True,True,POSITIONING,AUTOMATIC,
23.7,0.05,True,True,POSITIONING,AUTOMATIC,
23.75,0.05,True,True,POSITIONING,AUTOMATIC,
23.8,0.05,True,True,POSITIONING,AUTOMATIC,
23.85,0.05,True,True,POSITIONING,AUTOMATIC,
23.9,0.05,True,True,POSITIONING,AUTOMATIC,
23.95,0.05,True,True,POSITIONING,AUTOMATIC,
24.0,0.05,True,True,POSITIONING,AUTOMATIC,
24.05,0.05,True,True,POSITIONING,AUTOMATIC,
24.1,0.05,True,True,POSITIONING,AUTOMATIC,
24.15,0.05,True,True,POSITIONING,AUTOMATIC,
24.2,0.05,True,True,POSITIONING,AUTOMATIC,
24.25,0.05,True,True,POSITIONING,AUTOMATIC,
24.3,0.05,True,True,POSITIONING,AUTOMATIC,
24.35,0.05,True,True,POSITIONING,AUTOMATIC,
24.4,0.05,True,True,POSITIONING,AUTOMATIC,
24.45,0.05,True,True,POSITIONING,AUTOMATIC,
24.5,0.05,True,True,POSITIONING,AUTOMATIC,
24.55,0.05,True,True,POSITIONING,AUTOMATIC,
24.6,0.05,True,True,POSITIONING,AUTOMATIC,
24.65,0.05,True,True,POSITIONING,AUTOMATIC,
24.7,0.05,True,True,POSITIONING,AUTOMATIC,
24.75,0.05,True,True,POSITIONING,AUTOMATIC,
24.8,0.05,True,True,POSITIONING,AUTOMATIC,
24.85,0.05,True,True,POSITIONING,AUTOMATIC,
24.9,0.05,True,True,POSITIONING,AUTOMATIC,
24.95,0.05,True,True,POSITIONING,AUTOMATIC,
25.0,0.05,True,True,POSITIONING,AUTOMATIC,
25.05,0.05,True,True,POSITIONING,AUTOMATIC,
25.1,0.05,True,True,POSITIONING,AUTOMATIC,
25.15,0.05,True,True,POSITIONING,AUTOMATIC,
25.2,0.05,True,True,POSITIONING,AUTOMATIC,
25.25,0.05,True,True,POSITIONING,AUTOMATIC,
25.3,0.05,True,True,POSITIONING,AUTOMATIC,
25.35,0.05,True,True,POSITIONING,AUTOMATIC,
25.4,0.05,True,True,POSITIONING,AUTOMATIC,
25.45,0.05,True,True,POSITIONING,AUTOMATIC,
25.5,0.05,True,True,POSITIONING,AUTOMATIC,
25.55,0.05,True,True,POSITIONING,AUTOMATIC,
25.6,0.05,True,True,POSITIONING,AUTOMATIC,
25.65,0.05,True,True,POSITIONING,AUTOMATIC,
25.7,0.05,True,True,POSITIONING,AUTOMATIC,
25.75,0.05,True,True,POSITIONING,AUTOMATIC,
25.8,0.05,True,True,POSITIONING,AUTOMATIC,
25.85,0.05,True,True,POSITIONING,AUTOMATIC,
25.9,0.05,True,True,POSITIONING,AUTOMATIC,
25.95,0.05,True,True,POSITIONING,AUTOMATIC,
26.0,0.05,True,True,POSITIONING,AUTOMATIC,
26.05,0.05,True,True,POSITIONING,AUTOMATIC,
26.1,0.05,True,True,POSITIONING,AUTOMATIC,
26.15,0.05,True,True,POSITIONING,AUTOMATIC,
26.2,0.05,True,True,POSITIONING,AUTOMATIC,
26.25,0.05,True,True,POSITIONING,AUTOMATIC,
26.3,0.05,True,True,POSITIONING,AUTOMATIC,
26.35,0.05,True,True,POSITIONING,AUTOMATIC,
26.4,0.05,True,True,POSITIONING,AUTOMATIC,
26.45,0.05,True,True,POSITIONING,AUTOMATIC,
26.5,0.05,True,True,POSITIONING,AUTOMATIC,
26.55,0.05,True,True,POSITIONING,AUTOMATIC,
26.6,0.05,True,True,POSITIONING,AUTOMATIC,
26.65,0.05,True,True,POSITIONING,AUTOMATIC,
26.7,0.05,True,True,PRODUCT_EXIT,AUTOMATIC,
26.75,0.05,True,True,PRODUCT_EXIT,AUTOMATIC,
26.8,0.05,True,True,PRODUCT_EXIT,AUTOMATIC,
26.85,0.05,True,True,PRODUCT_EXIT,AUTOMATIC,
26.9,0.05,True,True,CONVEYING,AUTOMATIC,
26.95,0.05,True,True,CONVEYING,AUTOMATIC,
27.0,0.05,True,True,CONVEYING,AUTOMATIC,
27.05,0.05,True,True,CONVEYING,AUTOMATIC,
27.1,0.05,True,True,CONVEYING,AUTOMATIC,
27.15,0.05,True,True,CONVEYING,AUTOMATIC,
27.2,0.05,True,True,CONVEYING,AUTOMATIC,
27.25,0.05,True,True,CONVEYING,AUTOMATIC,
27.3,0.05,True,True,CONVEYING,AUTOMATIC,
27.35,0.05,True,True,CONVEYING,AUTOMATIC,
27.4,0.05,True,True,CONVEYING,AUTOMATIC,
27.45,0.05,True,True,CONVEYING,AUTOMATIC,
27.5,0.05,True,True,CONVEYING,AUTOMATIC,
27.55,0.05,True,True,CONVEYING,AUTOMATIC,
27.6,0.05,True,True,CONVEYING,AUTOMATIC,
27.65,0.05,True,True,CONVEYING,AUTOMATIC,
27.7,0.05,True,True,CONVEYING,AUTOMATIC,
27.75,0.05,True,True,CONVEYING,AUTOMATIC,
27.8,0.05,True,True,CONVEYING,AUTOMATIC,
27.85,0.05,True,True,CONVEYING,AUTOMATIC,
27.9,0.05,True,True,CONVEYING,AUTOMATIC,
27.95,0.05,True,True,CONVEYING,AUTOMATIC,
28.0,0.05,True,True,CONVEYING,AUTOMATIC,
28.05,0.05,True,True,CONVEYING,AUTOMATIC,
28.1,0.05,True,True,CONVEYING,AUTOMATIC,
28.15,0.05,True,True,CONVEYING,AUTOMATIC,
28.2,0.05,True,True,CONVEYING,AUTOMATIC,
28.25,0.05,True,True,CONVEYING,AUTOMATIC,
28.3,0.05,True,True,CONVEYING,AUTOMATIC,
28.35,0.05,True,True,CONVEYING,AUTOMATIC,
28.4,0.05,True,True,CONVEYING,AUTOMATIC,
28.45,0.05,True,True,CONVEYING,AUTOMATIC,
28.5,0.05,True,True,CONVEYING,AUTOMATIC,
28.55,0.05,True,True,CONVEYING,AUTOMATIC,
28.6,0.05,True,True,CONVEYING,AUTOMATIC,
28.65,0.05,True,True,CONVEYING,AUTOMATIC,
28.7,0.05,True,True,CONVEYING,AUTOMATIC,
28.75,0.05,True,True,CONVEYING,AUTOMATIC,
28.8,0.05,True,True,CONVEYING,AUTOMATIC,
28.85,0.05,True,True,CONVEYING,AUTOMATIC,
28.9,0.05,True,True,CONVEYING,AUTOMATIC,
28.95,0.05,True,True,CONVEYING,AUTOMATIC,
29.0,0.05,True,True,CONVEYING,AUTOMATIC,
29.05,0.05,True,True,PRODUCT_DETECTED,AUTOMATIC,
29.1,0.05,True,True,PRODUCT_DETECTED,AUTOMATIC,
29.15,0.05,True,True,PRODUCT_DETECTED,AUTOMATIC,
29.2,0.05,True,True,PRODUCT_DETECTED,AUTOMATIC,
29.25,0.05,True,True,PRODUCT_DETECTED,AUTOMATIC,
29.3,0.05,True,True,PRODUCT_DETECTED,AUTOMATIC,
29.35,0.05,True,True,PRODUCT_DETECTED,AUTOMATIC,
29.4,0.05,True,True,PRODUCT_DETECTED,AUTOMATIC,
29.45,0.05,True,True,PRODUCT_DETECTED,AUTOMATIC,
29.5,0.05,True,True,PRODUCT_DETECTED,AUTOMATIC,
29.55,0.05,True,True,PRODUCT_DETECTED,AUTOMATIC,
29.6,0.05,True,True,PRODUCT_DETECTED,AUTOMATIC,
29.65,0.05,True,True,PRODUCT_DETECTED,AUTOMATIC,
29.7,0.05,True,True,PRODUCT_DETECTED,AUTOMATIC,
29.75,0.05,True,True,PRODUCT_DETECTED,AUTOMATIC,
29.8,0.05,True,True,PRODUCT_DETECTED,AUTOMATIC,
29.85,0.05,True,True,PRODUCT_DETECTED,AUTOMATIC,
29.9,0.05,True,True,PRODUCT_DETECTED,AUTOMATIC,
29.95,0.05,True,True,PRODUCT_DETECTED,AUTOMATIC,
30.0,0.05,True,True,PRODUCT_DETECTED,AUTOMATIC,
30.05,0.05,True,True,PRODUCT_DETECTED,AUTOMATIC,
30.1,0.05,True,True,PRODUCT_DETECTED,AUTOMATIC,
30.15,0.05,True,True,PRODUCT_DETECTED,AUTOMATIC,
30.2,0.05,True,True,PRODUCT_DETECTED,AUTOMATIC,
30.25,0.05,True,True,PRODUCT_DETECTED,AUTOMATIC,
30.3,0.05,True,True,PRODUCT_DETECTED,AUTOMATIC,
30.35,0.05,True,True,PRODUCT_DETECTED,AUTOMATIC,
30.4,0.05,True,True,PRODUCT_DETECTED,AUTOMATIC,
30.45,0.05,True,True,PRODUCT_DETECTED,AUTOMATIC,
30.5,0.05,True,True,PRODUCT_DETECTED,AUTOMATIC,
30.55,0.05,True,True,PRODUCT_DETECTED,AUTOMATIC,
30.6,0.05,True,True,PRODUCT_DETECTED,AUTOMATIC,
30.65,0.05,True,True,PRODUCT_DETECTED,AUTOMATIC,
30.7,0.05,True,True,PRODUCT_DETECTED,AUTOMATIC,
30.75,0.05,True,True,PRODUCT_DETECTED,AUTOMATIC,
30.8,0.05,True,True,PRODUCT_DETECTED,AUTOMATIC,
30.85,0.05,True,True,PRODUCT_DETECTED,AUTOMATIC,
30.9,0.05,True,True,PRODUCT_DETECTED,AUTOMATIC,
30.95,0.05,True,True,PRODUCT_DETECTED,AUTOMATIC,
31.0,0.05,True,True,PRODUCT_DETECTED,AUTOMATIC,
31.05,0.05,True,True,PRODUCT_DETECTED,AUTOMATIC,
31.1,0.05,True,True,PRODUCT_DETECTED,AUTOMATIC,
31.15,0.05,True,True,PRODUCT_DETECTED,AUTOMATIC,
31.2,0.05,True,True,PRODUCT_DETECTED,AUTOMATIC,
31.25,0.05,True,True,PRODUCT_DETECTED,AUTOMATIC,
31.3,0.05,True,True,PRODUCT_DETECTED,AUTOMATIC,
31.35,0.05,True,True,PRODUCT_DETECTED,AUTOMATIC,
31.4,0.05,True,True,PRODUCT_DETECTED,AUTOMATIC,
31.45,0.05,True,True,PRODUCT_DETECTED,AUTOMATIC,
31.5,0.05,True,True,PRODUCT_DETECTED,AUTOMATIC,
31.55,0.05,True,True,PRODUCT_DETECTED,AUTOMATIC,
31.6,0.05,True,True,PRODUCT_DETECTED,AUTOMATIC,
31.65,0.05,True,True,PRODUCT_DETECTED,AUTOMATIC,
31.7,0.05,True,True,PRODUCT_DETECTED,AUTOMATIC,
31.75,0.05,True,True,PRODUCT_DETECTED,AUTOMATIC,
31.8,0.05,True,True,PRODUCT_DETECTED,AUTOMATIC,
31.85,0.05,True,True,PRODUCT_DETECTED,AUTOMATIC,
31.9,0.05,True,True,PRODUCT_DETECTED,AUTOMATIC,
31.95,0.05,True,True,PRODUCT_DETECTED,AUTOMATIC,
32.0,0.05,True,True,PRODUCT_DETECTED,AUTOMATIC,
32.05,0.05,True,True,PRODUCT_DETECTED,AUTOMATIC,
32.1,0.05,True,True,PRODUCT_DETECTED,AUTOMATIC,
32.15,0.05,True,True,PRODUCT_DETECTED,AUTOMATIC,
32.2,0.05,True,True,PRODUCT_DETECTED,AUTOMATIC,
32.25,0.05,True,True,PRODUCT_DETECTED,AUTOMATIC,
32.3,0.05,True,True,PRODUCT_DETECTED,AUTOMATIC,
32.35,0.05,True,True,PRODUCT_DETECTED,AUTOMATIC,
32.4,0.05,True,True,PRODUCT_DETECTED,AUTOMATIC,
32.45,0.05,True,True,PRODUCT_DETECTED,AUTOMATIC,
32.5,0.05,True,True,PRODUCT_DETECTED,AUTOMATIC,
32.55,0.05,True,True,PRODUCT_DETECTED,AUTOMATIC,
32.6,0.05,True,True,PRODUCT_DETECTED,AUTOMATIC,
32.65,0.05,True,True,PRODUCT_DETECTED,AUTOMATIC,
32.7,0.05,True,True,PRODUCT_DETECTED,AUTOMATIC,
32.75,0.05,True,True,PRODUCT_DETECTED,AUTOMATIC,
32.8,0.05,True,True,PRODUCT_DETECTED,AUTOMATIC,
32.85,0.05,True,True,PRODUCT_DETECTED,AUTOMATIC,
32.9,0.05,True,True,PRODUCT_DETECTED,AUTOMATIC,
32.95,0.05,True,True,PRODUCT_DETECTED,AUTOMATIC,
33.0,0.05,True,True,PRODUCT_DETECTED,AUTOMATIC,
33.05,0.05,True,True,PRODUCT_DETECTED,AUTOMATIC,
33.1,0.05,True,True,PRODUCT_DETECTED,AUTOMATIC,
33.15,0.05,True,True,PRODUCT_DETECTED,AUTOMATIC,
33.2,0.05,True,True,PRODUCT_DETECTED,AUTOMATIC,
33.25,0.05,True,True,PRODUCT_DETECTED,AUTOMATIC,
33.3,0.05,True,True,PRODUCT_DETECTED,AUTOMATIC,
33.35,0.05,True,True,PRODUCT_DETECTED,AUTOMATIC,
33.4,0.05,True,True,PRODUCT_DETECTED,AUTOMATIC,
33.45,0.05,True,True,PRODUCT_DETECTED,AUTOMATIC,
33.5,0.05,True,True,PRODUCT_DETECTED,AUTOMATIC,
33.55,0.05,True,True,PRODUCT_DETECTED,AUTOMATIC,
33.6,0.05,True,True,PRODUCT_DETECTED,AUTOMATIC,
33.65,0.05,True,True,PRODUCT_DETECTED,AUTOMATIC,
33.7,0.05,True,True,PRODUCT_DETECTED,AUTOMATIC,
33.75,0.05,True,True,PRODUCT_DETECTED,AUTOMATIC,
33.8,0.05,True,True,PRODUCT_DETECTED,AUTOMATIC,
33.85,0.05,True,True,PRODUCT_DETECTED,AUTOMATIC,
33.9,0.05,True,True,PRODUCT_DETECTED,AUTOMATIC,
33.95,0.05,True,True,PRODUCT_DETECTED,AUTOMATIC,
34.0,0.05,True,True,PRODUCT_DETECTED,AUTOMATIC,
34.05,0.05,True,True,PRODUCT_DETECTED,AUTOMATIC,
34.1,0.05,True,True,PRODUCT_DETECTED,AUTOMATIC,
34.15,0.05,True,True,PRODUCT_DETECTED,AUTOMATIC,
34.2,0.05,True,True,PRODUCT_DETECTED,AUTOMATIC,
34.25,0.05,True,True,PRODUCT_DETECTED,AUTOMATIC,
34.3,0.05,True,True,PRODUCT_DETECTED,AUTOMATIC,
34.35,0.05,True,True,PRODUCT_DETECTED,AUTOMATIC,
34.4,0.05,True,True,PRODUCT_DETECTED,AUTOMATIC,
34.45,0.05,True,True,PRODUCT_DETECTED,AUTOMATIC,
34.5,0.05,True,True,PRODUCT_DETECTED,AUTOMATIC,
34.55,0.05,True,True,PRODUCT_DETECTED,AUTOMATIC,
34.6,0.05,True,True,PRODUCT_DETECTED,AUTOMATIC,
34.65,0.05,True,True,PRODUCT_DETECTED,AUTOMATIC,
34.7,0.05,True,True,PRODUCT_DETECTED,AUTOMATIC,
34.75,0.05,True,True,PRODUCT_DETECTED,AUTOMATIC,
34.8,0.05,True,True,PRODUCT_DETECTED,AUTOMATIC,
34.85,0.05,True,True,PRODUCT_DETECTED,AUTOMATIC,
34.9,0.05,True,True,PRODUCT_DETECTED,AUTOMATIC,
34.95,0.05,True,True,PRODUCT_DETECTED,AUTOMATIC,
35.0,0.05,True,True,PRODUCT_DETECTED,AUTOMATIC,
35.05,0.05,True,True,PRODUCT_DETECTED,AUTOMATIC,
35.1,0.05,True,True,PRODUCT_DETECTED,AUTOMATIC,
35.15,0.05,True,True,PRODUCT_DETECTED,AUTOMATIC,
35.2,0.05,True,True,PRODUCT_DETECTED,AUTOMATIC,
35.25,0.05,True,True,PRODUCT_DETECTED,AUTOMATIC,
35.3,0.05,True,True,PRODUCT_DETECTED,AUTOMATIC,
35.35,0.05,True,True,PRODUCT_DETECTED,AUTOMATIC,
35.4,0.05,True,True,PRODUCT_DETECTED,AUTOMATIC,
35.45,0.05,True,True,PRODUCT_DETECTED,AUTOMATIC,
35.5,0.05,True,True,PRODUCT_DETECTED,AUTOMATIC,
35.55,0.05,True,True,PRODUCT_DETECTED,AUTOMATIC,
35.6,0.05,True,True,PRODUCT_DETECTED,AUTOMATIC,
35.65,0.05,True,True,PRODUCT_DETECTED,AUTOMATIC,
35.7,0.05,True,True,PRODUCT_DETECTED,AUTOMATIC,
35.75,0.05,True,True,PRODUCT_DETECTED,AUTOMATIC,
35.8,0.05,True,True,PRODUCT_DETECTED,AUTOMATIC,
35.85,0.05,True,True,PRODUCT_DETECTED,AUTOMATIC,
35.9,0.05,True,True,PRODUCT_DETECTED,AUTOMATIC,
35.95,0.05,True,True,PRODUCT_DETECTED,AUTOMATIC,
36.0,0.05,True,True,POSITIONING,AUTOMATIC,
36.05,0.05,True,True,SORTING,AUTOMATIC,
36.1,0.05,True,True,SORTING,AUTOMATIC,
36.15,0.05,True,True,SORTING,AUTOMATIC,
36.2,0.05,True,True,SORTING,AUTOMATIC,
36.25,0.05,True,True,SORTING,AUTOMATIC,
36.3,0.05,True,True,SORTING,AUTOMATIC,
36.35,0.05,True,True,SORTING,AUTOMATIC,
36.4,0.05,True,True,SORTING,AUTOMATIC,
36.45,0.05,True,True,SORTING,AUTOMATIC,
36.5,0.05,True,True,SORTING,AUTOMATIC,
36.55,0.05,True,True,SORTING,AUTOMATIC,
36.6,0.05,True,True,SORTING,AUTOMATIC,
36.65,0.05,True,True,SORTING,AUTOMATIC,
36.7,0.05,True,True,SORTING,AUTOMATIC,
36.75,0.05,True,True,SORTING,AUTOMATIC,
36.8,0.05,True,True,SORTING,AUTOMATIC,
36.85,0.05,True,True,SORTING,AUTOMATIC,
36.9,0.05,True,True,SORTING,AUTOMATIC,
36.95,0.05,True,True,SORTING,AUTOMATIC,
37.0,0.05,True,True,SORTING,AUTOMATIC,
37.05,0.05,True,True,SORTING,AUTOMATIC,
37.1,0.05,True,True,SORTING,AUTOMATIC,
37.15,0.05,True,True,SORTING,AUTOMATIC,
37.2,0.05,True,True,SORTING,AUTOMATIC,
37.25,0.05,True,True,SORTING,AUTOMATIC,
37.3,0.05,True,True,SORTING,AUTOMATIC,
37.35,0.05,True,True,SORTING,AUTOMATIC,
37.4,0.05,True,True,SORTING,AUTOMATIC,
37.45,0.05,True,True,SORTING,AUTOMATIC,
37.5,0.05,True,True,SORTING,AUTOMATIC,
37.55,0.05,True,True,SORTING,AUTOMATIC,
37.6,0.05,True,True,SORTING,AUTOMATIC,
37.65,0.05,True,True,SORTING,AUTOMATIC,
37.7,0.05,True,True,SORTING,AUTOMATIC,
37.75,0.05,True,True,SORTING,AUTOMATIC,
37.8,0.05,True,True,SORTING,AUTOMATIC,
37.85,0.05,True,True,SORTING,AUTOMATIC,
37.9,0.05,True,True,SORTING,AUTOMATIC,
37.95,0.05,True,True,SORTING,AUTOMATIC,
38.0,0.05,True,True,SORTING,AUTOMATIC,
38.05,0.05,True,True,SORTING,AUTOMATIC,
38.1,0.05,True,True,SORTING,AUTOMATIC,
38.15,0.05,True,True,SORTING,AUTOMATIC,
38.2,0.05,True,True,SORTING,AUTOMATIC,
38.25,0.05,True,True,SORTING,AUTOMATIC,
38.3,0.05,True,True,SORTING,AUTOMATIC,
38.35,0.05,True,True,SORTING,AUTOMATIC,
38.4,0.05,True,True,SORTING,AUTOMATIC,
38.45,0.05,True,True,SORTING,AUTOMATIC,
38.5,0.05,True,True,SORTING,AUTOMATIC,
38.55,0.05,True,True,SORTING,AUTOMATIC,
38.6,0.05,True,True,SORTING,AUTOMATIC,
38.65,0.05,True,True,SORTING,AUTOMATIC,
38.7,0.05,True,True,SORTING,AUTOMATIC,
38.75,0.05,True,True,SORTING,AUTOMATIC,
38.8,0.05,True,True,SORTING,AUTOMATIC,
38.85,0.05,True,True,SORTING,AUTOMATIC,
38.9,0.05,True,True,SORTING,AUTOMATIC,
38.95,0.05,True,True,SORTING,AUTOMATIC,
39.0,0.05,True,True,SORTING,AUTOMATIC,
39.05,0.05,True,True,SORTING,AUTOMATIC,
39.1,0.05,True,True,SORTING,AUTOMATIC,
39.15,0.05,True,True,SORTING,AUTOMATIC,
39.2,0.05,True,True,SORTING,AUTOMATIC,
39.25,0.05,True,True,SORTING,AUTOMATIC,
39.3,0.05,True,True,SORTING,AUTOMATIC,
39.35,0.05,True,True,SORTING,AUTOMATIC,
39.4,0.05,True,True,SORTING,AUTOMATIC,
39.45,0.05,True,True,SORTING,AUTOMATIC,
39.5,0.05,True,True,SORTING,AUTOMATIC,
39.55,0.05,True,True,SORTING,AUTOMATIC,
39.6,0.05,True,True,SORTING,AUTOMATIC,
39.65,0.05,True,True,SORTING,AUTOMATIC,
39.7,0.05,True,True,SORTING,AUTOMATIC,
39.75,0.05,True,True,SORTING,AUTOMATIC,
39.8,0.05,True,True,SORTING,AUTOMATIC,
39.85,0.05,True,True,SORTING,AUTOMATIC,
39.9,0.05,True,True,SORTING,AUTOMATIC,
39.95,0.05,True,True,SORTING,AUTOMATIC,
40.0,0.05,True,True,SORTING,AUTOMATIC,
40.05,0.05,True,True,SORTING,AUTOMATIC,
40.1,0.05,True,True,SORTING,AUTOMATIC,
40.15,0.05,True,True,SORTING,AUTOMATIC,
40.2,0.05,True,True,SORTING,AUTOMATIC,
40.25,0.05,True,True,SORTING,AUTOMATIC,
40.3,0.05,True,True,SORTING,AUTOMATIC,
40.35,0.05,True,True,SORTING,AUTOMATIC,
40.4,0.05,True,True,SORTING,AUTOMATIC,
40.45,0.05,True,True,SORTING,AUTOMATIC,
40.5,0.05,True,True,SORTING,AUTOMATIC,
40.55,0.05,True,True,SORTING,AUTOMATIC,
40.6,0.05,True,True,SORTING,AUTOMATIC,
40.65,0.05,True,True,SORTING,AUTOMATIC,
40.7,0.05,True,True,PRODUCT_EXIT,AUTOMATIC,
40.75,0.05,True,True,PRODUCT_EXIT,AUTOMATIC,
40.8,0.05,True,True,PRODUCT_EXIT,AUTOMATIC,
40.85,0.05,True,True,PRODUCT_EXIT,AUTOMATIC,
40.9,0.05,True,True,CONVEYING,AUTOMATIC,
40.95,0.05,True,True,CONVEYING,AUTOMATIC,
41.0,0.05,True,True,CONVEYING,AUTOMATIC,
41.05,0.05,True,True,CONVEYING,AUTOMATIC,
41.1,0.05,True,True,CONVEYING,AUTOMATIC,
41.15,0.05,True,True,CONVEYING,AUTOMATIC,
41.2,0.05,True,True,CONVEYING,AUTOMATIC,
41.25,0.05,True,True,CONVEYING,AUTOMATIC,
41.3,0.05,True,True,CONVEYING,AUTOMATIC,
41.35,0.05,True,True,CONVEYING,AUTOMATIC,
41.4,0.05,True,True,CONVEYING,AUTOMATIC,
41.45,0.05,True,True,CONVEYING,AUTOMATIC,
41.5,0.05,True,True,CONVEYING,AUTOMATIC,
41.55,0.05,True,True,CONVEYING,AUTOMATIC,
41.6,0.05,True,True,CONVEYING,AUTOMATIC,
41.65,0.05,True,True,CONVEYING,AUTOMATIC,
41.7,0.05,True,True,CONVEYING,AUTOMATIC,
41.75,0.05,True,True,CONVEYING,AUTOMATIC,
41.8,0.05,True,True,CONVEYING,AUTOMATIC,
41.85,0.05,True,True,CONVEYING,AUTOMATIC,
41.9,0.05,True,True,CONVEYING,AUTOMATIC,
41.95,0.05,True,True,CONVEYING,AUTOMATIC,
42.0,0.05,True,True,CONVEYING,AUTOMATIC,
42.05,0.05,True,True,CONVEYING,AUTOMATIC,
42.1,0.05,True,True,CONVEYING,AUTOMATIC,
42.15,0.05,True,True,CONVEYING,AUTOMATIC,
42.2,0.05,True,True,CONVEYING,AUTOMATIC,
42.25,0.05,True,True,CONVEYING,AUTOMATIC,
42.3,0.05,True,True,CONVEYING,AUTOMATIC,
42.35,0.05,True,True,CONVEYING,AUTOMATIC,
42.4,0.05,True,True,CONVEYING,AUTOMATIC,
42.45,0.05,True,True,CONVEYING,AUTOMATIC,
42.5,0.05,True,True,CONVEYING,AUTOMATIC,
42.55,0.05,True,True,CONVEYING,AUTOMATIC,
42.6,0.05,True,True,CONVEYING,AUTOMATIC,
42.65,0.05,True,True,CONVEYING,AUTOMATIC,
42.7,0.05,True,True,CONVEYING,AUTOMATIC,
42.75,0.05,True,True,CONVEYING,AUTOMATIC,
42.8,0.05,True,True,CONVEYING,AUTOMATIC,
42.85,0.05,True,True,CONVEYING,AUTOMATIC,
42.9,0.05,True,True,CONVEYING,AUTOMATIC,
42.95,0.05,True,True,CONVEYING,AUTOMATIC,
43.0,0.05,True,True,CONVEYING,AUTOMATIC,
43.05,0.05,True,True,CONVEYING,AUTOMATIC,
43.1,0.05,True,True,CONVEYING,AUTOMATIC,
43.15,0.05,True,True,CONVEYING,AUTOMATIC,
43.2,0.05,True,True,CONVEYING,AUTOMATIC,
43.25,0.05,True,True,CONVEYING,AUTOMATIC,
43.3,0.05,True,True,CONVEYING,AUTOMATIC,
43.35,0.05,True,True,CONVEYING,AUTOMATIC,
43.4,0.05,True,True,CONVEYING,AUTOMATIC,
43.45,0.05,True,True,CONVEYING,AUTOMATIC,
43.5,0.05,True,True,CONVEYING,AUTOMATIC,
43.55,0.05,True,True,CONVEYING,AUTOMATIC,
43.6,0.05,True,True,CONVEYING,AUTOMATIC,
43.65,0.05,True,True,CONVEYING,AUTOMATIC,
43.7,0.05,True,True,CONVEYING,AUTOMATIC,
43.75,0.05,True,True,CONVEYING,AUTOMATIC,
43.8,0.05,True,True,CONVEYING,AUTOMATIC,
43.85,0.05,True,True,CONVEYING,AUTOMATIC,
43.9,0.05,True,True,CONVEYING,AUTOMATIC,
43.95,0.05,True,True,CONVEYING,AUTOMATIC,
44.0,0.05,True,True,CONVEYING,AUTOMATIC,
44.05,0.05,True,True,CONVEYING,AUTOMATIC,
44.1,0.05,True,True,CONVEYING,AUTOMATIC,
44.15,0.05,True,True,CONVEYING,AUTOMATIC,
44.2,0.05,True,True,CONVEYING,AUTOMATIC,
44.25,0.05,True,True,CONVEYING,AUTOMATIC,
44.3,0.05,True,True,CONVEYING,AUTOMATIC,
44.35,0.05,True,True,CONVEYING,AUTOMATIC,
44.4,0.05,True,True,CONVEYING,AUTOMATIC,
44.45,0.05,True,True,CONVEYING,AUTOMATIC,
44.5,0.05,True,True,CONVEYING,AUTOMATIC,
44.55,0.05,True,True,CONVEYING,AUTOMATIC,
44.6,0.05,True,True,CONVEYING,AUTOMATIC,
44.65,0.05,True,True,CONVEYING,AUTOMATIC,
44.7,0.05,True,True,CONVEYING,AUTOMATIC,
44.75,0.05,True,True,CONVEYING,AUTOMATIC,
44.8,0.05,True,True,CONVEYING,AUTOMATIC,
44.85,0.05,True,True,CONVEYING,AUTOMATIC,
44.9,0.05,True,True,CONVEYING,AUTOMATIC,
44.95,0.05,True,True,CONVEYING,AUTOMATIC,
